category,layer,feature_idx,selection_split,selection_delta,beta_mu,selection_kappa,selection_abs_kappa,heldout_delta,heldout_kappa,heldout_abs_kappa,heldout_still_aligned,global_selection_rank
corrupt,28,28593,train,-0.47031235694885254,-0.05608951672911644,0.026379592716693878,0.026379592716693878,-0.42494773864746094,0.023835113272070885,0.023835113272070885,True,1
corrupt,28,21674,train,-0.3897143304347992,-0.04767744615674019,0.018580583855509758,0.018580583855509758,-0.2808079421520233,0.01338820531964302,0.01338820531964302,True,2
corrupt,28,20066,train,-0.4010302722454071,-0.04607737436890602,0.01847842149436474,0.01847842149436474,-0.2948077917098999,0.013583969324827194,0.013583969324827194,True,3
corrupt,28,18297,train,-0.7208911180496216,-0.022280605509877205,0.016061890870332718,0.016061890870332718,-0.6896150708198547,0.01536504179239273,0.01536504179239273,True,4
corrupt,28,563,train,-0.6508489847183228,-0.01982206478714943,0.01290117111057043,0.01290117111057043,-0.5320255756378174,0.01054584514349699,0.01054584514349699,True,5
corrupt,28,33735,train,-0.22831547260284424,-0.05521715432405472,0.012606930918991566,0.012606930918991566,-0.17421060800552368,0.009619413875043392,0.009619413875043392,True,6
corrupt,28,30285,train,-0.25880861282348633,-0.04696862772107124,0.012155885808169842,0.012155885808169842,-0.2137978971004486,0.010041793808341026,0.010041793808341026,True,7
corrupt,28,1649,train,-0.25777167081832886,-0.04486607760190964,0.01156520377844572,0.01156520377844572,-0.22532248497009277,0.010109336115419865,0.010109336115419865,True,8
corrupt,28,22454,train,-0.6649045944213867,-0.016951659694314003,0.011271236464381218,0.011271236464381218,-0.5471586585044861,0.00927524734288454,0.00927524734288454,True,9
corrupt,28,8933,train,-0.41355106234550476,-0.025341589003801346,0.010480040684342384,0.010480040684342384,-0.3230956792831421,0.008187757804989815,0.008187757804989815,True,10
corrupt,28,37579,train,-0.39014697074890137,-0.02659013122320175,0.010374058969318867,0.010374058969318867,-0.23032838106155396,0.006124462001025677,0.006124462001025677,True,11
corrupt,28,24386,train,-0.49464869499206543,-0.020756924524903297,0.01026738528162241,0.01026738528162241,-0.37188538908958435,0.00771919684484601,0.00771919684484601,True,12
corrupt,28,7,train,-0.20585468411445618,-0.04930533468723297,0.01014973409473896,0.01014973409473896,-0.22943907976150513,0.011312570422887802,0.011312570422887802,True,13
corrupt,28,18701,train,-0.49165278673171997,-0.01980510912835598,0.009737237356603146,0.009737237356603146,-0.4767492413520813,0.009442070499062538,0.009442070499062538,True,14
corrupt,28,13254,train,-0.37564635276794434,-0.025866953656077385,0.009716826491057873,0.009716826491057873,-0.40014567971229553,0.010350549593567848,0.010350549593567848,True,15
corrupt,28,26510,train,-0.3251579999923706,-0.029085423797369003,0.009457358159124851,0.009457358159124851,-0.3958744704723358,0.011514176614582539,0.011514176614582539,True,16
corrupt,28,1205,train,-0.2110198736190796,-0.04478757828474045,0.009451068937778473,0.009451068937778473,-0.14227646589279175,0.006372218485921621,0.006372218485921621,True,17
corrupt,28,19036,train,-0.1861456334590912,-0.05074886605143547,0.00944667961448431,0.00944667961448431,-0.08056294918060303,0.004088478162884712,0.004088478162884712,True,18
corrupt,28,28068,train,-0.5124098062515259,-0.018023233860731125,0.009235281497240067,0.009235281497240067,-0.49053406715393066,0.008841009810566902,0.008841009810566902,True,19
corrupt,28,28314,train,-0.5696895122528076,-0.016014594584703445,0.009123346768319607,0.009123346768319607,-0.5097972750663757,0.008164196275174618,0.008164196275174618,True,20
clean,28,1627,train,0.649542510509491,0.04509631171822548,0.029291970655322075,0.029291970655322075,0.46593183279037476,0.021011807024478912,0.021011807024478912,True,1
clean,28,29517,train,0.811572253704071,0.03464026004076004,0.028113074600696564,0.028113074600696564,0.633277177810669,0.02193688601255417,0.02193688601255417,True,2
clean,28,30682,train,0.6706531047821045,0.040619805455207825,0.027241798117756844,0.027241798117756844,0.6272712349891663,0.0254796352237463,0.0254796352237463,True,3
clean,28,12990,train,0.4309222102165222,0.047938328236341476,0.02065769024193287,0.02065769024193287,0.36579328775405884,0.01753551885485649,0.01753551885485649,True,4
clean,28,16676,train,0.3532411754131317,0.057633206248283386,0.02035842090845108,0.02035842090845108,0.27871179580688477,0.016063055023550987,0.016063055023550987,True,5
clean,28,4120,train,0.3606646656990051,0.05483781546354294,0.019778061658143997,0.019778061658143997,0.26093894243240356,0.014309321530163288,0.014309321530163288,True,6
clean,28,10343,train,0.5539093017578125,0.03563519939780235,0.01973866857588291,0.01973866857588291,0.5125369429588318,0.01826435700058937,0.01826435700058937,True,7
clean,28,11685,train,0.308657169342041,0.060715485364198685,0.018740270286798477,0.018740270286798477,0.2282942533493042,0.013860996812582016,0.013860996812582016,True,8
clean,28,36468,train,0.3077017068862915,0.06019733101129532,0.018522821366786957,0.018522821366786957,0.3156636655330658,0.01900210976600647,0.01900210976600647,True,9
clean,28,4875,train,0.4406011998653412,0.04117364436388016,0.018141157925128937,0.018141157925128937,0.31253835558891296,0.01286834292113781,0.01286834292113781,True,10
clean,28,18404,train,0.4533209204673767,0.03973875567317009,0.01801440864801407,0.01801440864801407,0.46596965193748474,0.018517054617404938,0.018517054617404938,True,11
clean,28,4183,train,0.7013325691223145,0.02527090348303318,0.017723307013511658,0.017723307013511658,0.7566385269165039,0.019120939075946808,0.019120939075946808,True,12
clean,28,25666,train,0.3468542695045471,0.05101979896426201,0.017696434631943703,0.017696434631943703,0.2782417833805084,0.014195839874446392,0.014195839874446392,True,13
clean,28,12958,train,0.48495176434516907,0.036188557744026184,0.017549704760313034,0.017549704760313034,0.37394577264785767,0.01353255845606327,0.01353255845606327,True,14
clean,28,2698,train,0.6989609003067017,0.025059448555111885,0.017515575513243675,0.017515575513243675,0.5517838001251221,0.013827397488057613,0.013827397488057613,True,15
clean,28,37344,train,0.4482678174972534,0.038748979568481445,0.017369920387864113,0.017369920387864113,0.5363916158676147,0.02078462764620781,0.02078462764620781,True,16
clean,28,27687,train,0.600677490234375,0.02814687043428421,0.016907190904021263,0.016907190904021263,0.5547099113464355,0.015613348223268986,0.015613348223268986,True,17
clean,28,5568,train,0.5688139200210571,0.02794600836932659,0.015896078199148178,0.015896078199148178,0.47910967469215393,0.013389202766120434,0.013389202766120434,True,18
clean,28,4930,train,0.5814098715782166,0.027010127902030945,0.01570395566523075,0.01570395566523075,0.5213795304298401,0.014082527719438076,0.014082527719438076,True,19
clean,28,13976,train,0.5123593807220459,0.03029681369662285,0.015522856265306473,0.015522856265306473,0.39509397745132446,0.011970088817179203,0.011970088817179203,True,20
