sample_id,filename,language,dataset_name,split
apps_python_10,apps_python_10.txt,python,apps,train
apps_python_104,apps_python_104.txt,python,apps,test
apps_python_107,apps_python_107.txt,python,apps,train
apps_python_108,apps_python_108.txt,python,apps,train
apps_python_109,apps_python_109.txt,python,apps,train
apps_python_116,apps_python_116.txt,python,apps,train
apps_python_121,apps_python_121.txt,python,apps,train
apps_python_124,apps_python_124.txt,python,apps,train
apps_python_125,apps_python_125.txt,python,apps,train
apps_python_13,apps_python_13.txt,python,apps,train
apps_python_131,apps_python_131.txt,python,apps,train
apps_python_135,apps_python_135.txt,python,apps,train
apps_python_153,apps_python_153.txt,python,apps,train
apps_python_156,apps_python_156.txt,python,apps,train
apps_python_158,apps_python_158.txt,python,apps,test
apps_python_16,apps_python_16.txt,python,apps,train
apps_python_160,apps_python_160.txt,python,apps,test
apps_python_161,apps_python_161.txt,python,apps,train
apps_python_162,apps_python_162.txt,python,apps,train
apps_python_167,apps_python_167.txt,python,apps,train
apps_python_17,apps_python_17.txt,python,apps,test
apps_python_170,apps_python_170.txt,python,apps,train
apps_python_175,apps_python_175.txt,python,apps,test
apps_python_182,apps_python_182.txt,python,apps,test
apps_python_186,apps_python_186.txt,python,apps,test
apps_python_193,apps_python_193.txt,python,apps,train
apps_python_195,apps_python_195.txt,python,apps,train
apps_python_20,apps_python_20.txt,python,apps,test
apps_python_200,apps_python_200.txt,python,apps,train
apps_python_202,apps_python_202.txt,python,apps,train
apps_python_208,apps_python_208.txt,python,apps,train
apps_python_210,apps_python_210.txt,python,apps,train
apps_python_211,apps_python_211.txt,python,apps,train
apps_python_213,apps_python_213.txt,python,apps,train
apps_python_224,apps_python_224.txt,python,apps,train
apps_python_23,apps_python_23.txt,python,apps,train
apps_python_236,apps_python_236.txt,python,apps,train
apps_python_238,apps_python_238.txt,python,apps,train
apps_python_241,apps_python_241.txt,python,apps,train
apps_python_242,apps_python_242.txt,python,apps,train
apps_python_245,apps_python_245.txt,python,apps,train
apps_python_25,apps_python_25.txt,python,apps,train
apps_python_263,apps_python_263.txt,python,apps,train
apps_python_273,apps_python_273.txt,python,apps,train
apps_python_274,apps_python_274.txt,python,apps,train
apps_python_281,apps_python_281.txt,python,apps,test
apps_python_284,apps_python_284.txt,python,apps,train
apps_python_288,apps_python_288.txt,python,apps,train
apps_python_29,apps_python_29.txt,python,apps,train
apps_python_293,apps_python_293.txt,python,apps,train
apps_python_296,apps_python_296.txt,python,apps,test
apps_python_298,apps_python_298.txt,python,apps,train
apps_python_30,apps_python_30.txt,python,apps,test
apps_python_301,apps_python_301.txt,python,apps,test
apps_python_302,apps_python_302.txt,python,apps,train
apps_python_313,apps_python_313.txt,python,apps,train
apps_python_315,apps_python_315.txt,python,apps,train
apps_python_319,apps_python_319.txt,python,apps,train
apps_python_322,apps_python_322.txt,python,apps,train
apps_python_329,apps_python_329.txt,python,apps,train
apps_python_333,apps_python_333.txt,python,apps,train
apps_python_340,apps_python_340.txt,python,apps,train
apps_python_342,apps_python_342.txt,python,apps,train
apps_python_343,apps_python_343.txt,python,apps,train
apps_python_361,apps_python_361.txt,python,apps,test
apps_python_364,apps_python_364.txt,python,apps,train
apps_python_367,apps_python_367.txt,python,apps,train
apps_python_370,apps_python_370.txt,python,apps,train
apps_python_375,apps_python_375.txt,python,apps,train
apps_python_383,apps_python_383.txt,python,apps,train
apps_python_391,apps_python_391.txt,python,apps,train
apps_python_392,apps_python_392.txt,python,apps,train
apps_python_394,apps_python_394.txt,python,apps,train
apps_python_399,apps_python_399.txt,python,apps,test
apps_python_40,apps_python_40.txt,python,apps,train
apps_python_403,apps_python_403.txt,python,apps,train
apps_python_404,apps_python_404.txt,python,apps,train
apps_python_407,apps_python_407.txt,python,apps,train
apps_python_408,apps_python_408.txt,python,apps,test
apps_python_409,apps_python_409.txt,python,apps,train
apps_python_418,apps_python_418.txt,python,apps,train
apps_python_428,apps_python_428.txt,python,apps,train
apps_python_429,apps_python_429.txt,python,apps,train
apps_python_435,apps_python_435.txt,python,apps,test
apps_python_44,apps_python_44.txt,python,apps,test
apps_python_442,apps_python_442.txt,python,apps,train
apps_python_456,apps_python_456.txt,python,apps,train
apps_python_459,apps_python_459.txt,python,apps,test
apps_python_462,apps_python_462.txt,python,apps,test
apps_python_468,apps_python_468.txt,python,apps,train
apps_python_469,apps_python_469.txt,python,apps,train
apps_python_470,apps_python_470.txt,python,apps,train
apps_python_475,apps_python_475.txt,python,apps,test
apps_python_476,apps_python_476.txt,python,apps,train
apps_python_483,apps_python_483.txt,python,apps,train
apps_python_487,apps_python_487.txt,python,apps,train
apps_python_492,apps_python_492.txt,python,apps,train
apps_python_496,apps_python_496.txt,python,apps,train
apps_python_497,apps_python_497.txt,python,apps,train
apps_python_498,apps_python_498.txt,python,apps,train
apps_python_500,apps_python_500.txt,python,apps,train
apps_python_502,apps_python_502.txt,python,apps,train
apps_python_503,apps_python_503.txt,python,apps,test
apps_python_505,apps_python_505.txt,python,apps,test
apps_python_506,apps_python_506.txt,python,apps,test
apps_python_53,apps_python_53.txt,python,apps,train
apps_python_54,apps_python_54.txt,python,apps,train
apps_python_59,apps_python_59.txt,python,apps,train
apps_python_69,apps_python_69.txt,python,apps,train
apps_python_74,apps_python_74.txt,python,apps,train
apps_python_76,apps_python_76.txt,python,apps,train
apps_python_8,apps_python_8.txt,python,apps,train
apps_python_85,apps_python_85.txt,python,apps,train
apps_python_87,apps_python_87.txt,python,apps,test
apps_python_9,apps_python_9.txt,python,apps,test
apps_python_92,apps_python_92.txt,python,apps,train
apps_python_95,apps_python_95.txt,python,apps,train
apps_python_97,apps_python_97.txt,python,apps,train
apps_python_99,apps_python_99.txt,python,apps,train
codecontests_cpp_1,codecontests_cpp_1.txt,cpp,codecontests,test
codecontests_cpp_106,codecontests_cpp_106.txt,cpp,codecontests,train
codecontests_cpp_109,codecontests_cpp_109.txt,cpp,codecontests,train
codecontests_cpp_11,codecontests_cpp_11.txt,cpp,codecontests,train
codecontests_cpp_113,codecontests_cpp_113.txt,cpp,codecontests,train
codecontests_cpp_114,codecontests_cpp_114.txt,cpp,codecontests,train
codecontests_cpp_117,codecontests_cpp_117.txt,cpp,codecontests,train
codecontests_cpp_118,codecontests_cpp_118.txt,cpp,codecontests,train
codecontests_cpp_12,codecontests_cpp_12.txt,cpp,codecontests,train
codecontests_cpp_123,codecontests_cpp_123.txt,cpp,codecontests,train
codecontests_cpp_127,codecontests_cpp_127.txt,cpp,codecontests,train
codecontests_cpp_136,codecontests_cpp_136.txt,cpp,codecontests,train
codecontests_cpp_139,codecontests_cpp_139.txt,cpp,codecontests,train
codecontests_cpp_14,codecontests_cpp_14.txt,cpp,codecontests,train
codecontests_cpp_141,codecontests_cpp_141.txt,cpp,codecontests,train
codecontests_cpp_148,codecontests_cpp_148.txt,cpp,codecontests,train
codecontests_cpp_154,codecontests_cpp_154.txt,cpp,codecontests,train
codecontests_cpp_161,codecontests_cpp_161.txt,cpp,codecontests,train
codecontests_cpp_171,codecontests_cpp_171.txt,cpp,codecontests,train
codecontests_cpp_177,codecontests_cpp_177.txt,cpp,codecontests,test
codecontests_cpp_181,codecontests_cpp_181.txt,cpp,codecontests,train
codecontests_cpp_188,codecontests_cpp_188.txt,cpp,codecontests,train
codecontests_cpp_189,codecontests_cpp_189.txt,cpp,codecontests,train
codecontests_cpp_200,codecontests_cpp_200.txt,cpp,codecontests,train
codecontests_cpp_202,codecontests_cpp_202.txt,cpp,codecontests,train
codecontests_cpp_203,codecontests_cpp_203.txt,cpp,codecontests,train
codecontests_cpp_216,codecontests_cpp_216.txt,cpp,codecontests,train
codecontests_cpp_220,codecontests_cpp_220.txt,cpp,codecontests,train
codecontests_cpp_224,codecontests_cpp_224.txt,cpp,codecontests,train
codecontests_cpp_225,codecontests_cpp_225.txt,cpp,codecontests,train
codecontests_cpp_235,codecontests_cpp_235.txt,cpp,codecontests,train
codecontests_cpp_236,codecontests_cpp_236.txt,cpp,codecontests,train
codecontests_cpp_242,codecontests_cpp_242.txt,cpp,codecontests,test
codecontests_cpp_245,codecontests_cpp_245.txt,cpp,codecontests,test
codecontests_cpp_248,codecontests_cpp_248.txt,cpp,codecontests,train
codecontests_cpp_252,codecontests_cpp_252.txt,cpp,codecontests,train
codecontests_cpp_253,codecontests_cpp_253.txt,cpp,codecontests,train
codecontests_cpp_254,codecontests_cpp_254.txt,cpp,codecontests,train
codecontests_cpp_255,codecontests_cpp_255.txt,cpp,codecontests,train
codecontests_cpp_257,codecontests_cpp_257.txt,cpp,codecontests,train
codecontests_cpp_26,codecontests_cpp_26.txt,cpp,codecontests,train
codecontests_cpp_261,codecontests_cpp_261.txt,cpp,codecontests,test
codecontests_cpp_262,codecontests_cpp_262.txt,cpp,codecontests,train
codecontests_cpp_265,codecontests_cpp_265.txt,cpp,codecontests,train
codecontests_cpp_274,codecontests_cpp_274.txt,cpp,codecontests,train
codecontests_cpp_277,codecontests_cpp_277.txt,cpp,codecontests,train
codecontests_cpp_28,codecontests_cpp_28.txt,cpp,codecontests,train
codecontests_cpp_281,codecontests_cpp_281.txt,cpp,codecontests,test
codecontests_cpp_29,codecontests_cpp_29.txt,cpp,codecontests,train
codecontests_cpp_290,codecontests_cpp_290.txt,cpp,codecontests,train
codecontests_cpp_295,codecontests_cpp_295.txt,cpp,codecontests,train
codecontests_cpp_296,codecontests_cpp_296.txt,cpp,codecontests,train
codecontests_cpp_298,codecontests_cpp_298.txt,cpp,codecontests,test
codecontests_cpp_3,codecontests_cpp_3.txt,cpp,codecontests,train
codecontests_cpp_302,codecontests_cpp_302.txt,cpp,codecontests,train
codecontests_cpp_303,codecontests_cpp_303.txt,cpp,codecontests,test
codecontests_cpp_304,codecontests_cpp_304.txt,cpp,codecontests,test
codecontests_cpp_306,codecontests_cpp_306.txt,cpp,codecontests,test
codecontests_cpp_309,codecontests_cpp_309.txt,cpp,codecontests,train
codecontests_cpp_317,codecontests_cpp_317.txt,cpp,codecontests,train
codecontests_cpp_318,codecontests_cpp_318.txt,cpp,codecontests,train
codecontests_cpp_322,codecontests_cpp_322.txt,cpp,codecontests,train
codecontests_cpp_323,codecontests_cpp_323.txt,cpp,codecontests,train
codecontests_cpp_328,codecontests_cpp_328.txt,cpp,codecontests,train
codecontests_cpp_334,codecontests_cpp_334.txt,cpp,codecontests,train
codecontests_cpp_339,codecontests_cpp_339.txt,cpp,codecontests,train
codecontests_cpp_340,codecontests_cpp_340.txt,cpp,codecontests,train
codecontests_cpp_343,codecontests_cpp_343.txt,cpp,codecontests,train
codecontests_cpp_344,codecontests_cpp_344.txt,cpp,codecontests,train
codecontests_cpp_346,codecontests_cpp_346.txt,cpp,codecontests,train
codecontests_cpp_347,codecontests_cpp_347.txt,cpp,codecontests,train
codecontests_cpp_35,codecontests_cpp_35.txt,cpp,codecontests,train
codecontests_cpp_360,codecontests_cpp_360.txt,cpp,codecontests,train
codecontests_cpp_368,codecontests_cpp_368.txt,cpp,codecontests,train
codecontests_cpp_374,codecontests_cpp_374.txt,cpp,codecontests,train
codecontests_cpp_378,codecontests_cpp_378.txt,cpp,codecontests,train
codecontests_cpp_379,codecontests_cpp_379.txt,cpp,codecontests,train
codecontests_cpp_383,codecontests_cpp_383.txt,cpp,codecontests,test
codecontests_cpp_389,codecontests_cpp_389.txt,cpp,codecontests,train
codecontests_cpp_390,codecontests_cpp_390.txt,cpp,codecontests,train
codecontests_cpp_398,codecontests_cpp_398.txt,cpp,codecontests,test
codecontests_cpp_40,codecontests_cpp_40.txt,cpp,codecontests,train
codecontests_cpp_401,codecontests_cpp_401.txt,cpp,codecontests,train
codecontests_cpp_407,codecontests_cpp_407.txt,cpp,codecontests,test
codecontests_cpp_409,codecontests_cpp_409.txt,cpp,codecontests,train
codecontests_cpp_414,codecontests_cpp_414.txt,cpp,codecontests,train
codecontests_cpp_416,codecontests_cpp_416.txt,cpp,codecontests,test
codecontests_cpp_418,codecontests_cpp_418.txt,cpp,codecontests,test
codecontests_cpp_426,codecontests_cpp_426.txt,cpp,codecontests,train
codecontests_cpp_428,codecontests_cpp_428.txt,cpp,codecontests,train
codecontests_cpp_430,codecontests_cpp_430.txt,cpp,codecontests,train
codecontests_cpp_432,codecontests_cpp_432.txt,cpp,codecontests,train
codecontests_cpp_435,codecontests_cpp_435.txt,cpp,codecontests,train
codecontests_cpp_449,codecontests_cpp_449.txt,cpp,codecontests,train
codecontests_cpp_45,codecontests_cpp_45.txt,cpp,codecontests,train
codecontests_cpp_451,codecontests_cpp_451.txt,cpp,codecontests,train
codecontests_cpp_452,codecontests_cpp_452.txt,cpp,codecontests,train
codecontests_cpp_457,codecontests_cpp_457.txt,cpp,codecontests,train
codecontests_cpp_469,codecontests_cpp_469.txt,cpp,codecontests,train
codecontests_cpp_47,codecontests_cpp_47.txt,cpp,codecontests,test
codecontests_cpp_472,codecontests_cpp_472.txt,cpp,codecontests,test
codecontests_cpp_486,codecontests_cpp_486.txt,cpp,codecontests,train
codecontests_cpp_50,codecontests_cpp_50.txt,cpp,codecontests,test
codecontests_cpp_505,codecontests_cpp_505.txt,cpp,codecontests,train
codecontests_cpp_516,codecontests_cpp_516.txt,cpp,codecontests,train
codecontests_cpp_526,codecontests_cpp_526.txt,cpp,codecontests,test
codecontests_cpp_527,codecontests_cpp_527.txt,cpp,codecontests,train
codecontests_cpp_534,codecontests_cpp_534.txt,cpp,codecontests,train
codecontests_cpp_535,codecontests_cpp_535.txt,cpp,codecontests,test
codecontests_cpp_536,codecontests_cpp_536.txt,cpp,codecontests,train
codecontests_cpp_538,codecontests_cpp_538.txt,cpp,codecontests,train
codecontests_cpp_542,codecontests_cpp_542.txt,cpp,codecontests,train
codecontests_cpp_564,codecontests_cpp_564.txt,cpp,codecontests,train
codecontests_cpp_567,codecontests_cpp_567.txt,cpp,codecontests,train
codecontests_cpp_568,codecontests_cpp_568.txt,cpp,codecontests,train
codecontests_cpp_574,codecontests_cpp_574.txt,cpp,codecontests,train
codecontests_cpp_581,codecontests_cpp_581.txt,cpp,codecontests,train
codecontests_cpp_582,codecontests_cpp_582.txt,cpp,codecontests,test
codecontests_cpp_585,codecontests_cpp_585.txt,cpp,codecontests,train
codecontests_cpp_586,codecontests_cpp_586.txt,cpp,codecontests,train
codecontests_cpp_590,codecontests_cpp_590.txt,cpp,codecontests,test
codecontests_cpp_598,codecontests_cpp_598.txt,cpp,codecontests,train
codecontests_cpp_603,codecontests_cpp_603.txt,cpp,codecontests,train
codecontests_cpp_604,codecontests_cpp_604.txt,cpp,codecontests,train
codecontests_cpp_610,codecontests_cpp_610.txt,cpp,codecontests,test
codecontests_cpp_611,codecontests_cpp_611.txt,cpp,codecontests,train
codecontests_cpp_615,codecontests_cpp_615.txt,cpp,codecontests,train
codecontests_cpp_616,codecontests_cpp_616.txt,cpp,codecontests,train
codecontests_cpp_62,codecontests_cpp_62.txt,cpp,codecontests,train
codecontests_cpp_621,codecontests_cpp_621.txt,cpp,codecontests,train
codecontests_cpp_63,codecontests_cpp_63.txt,cpp,codecontests,train
codecontests_cpp_632,codecontests_cpp_632.txt,cpp,codecontests,test
codecontests_cpp_638,codecontests_cpp_638.txt,cpp,codecontests,train
codecontests_cpp_64,codecontests_cpp_64.txt,cpp,codecontests,train
codecontests_cpp_646,codecontests_cpp_646.txt,cpp,codecontests,train
codecontests_cpp_65,codecontests_cpp_65.txt,cpp,codecontests,test
codecontests_cpp_656,codecontests_cpp_656.txt,cpp,codecontests,test
codecontests_cpp_678,codecontests_cpp_678.txt,cpp,codecontests,train
codecontests_cpp_69,codecontests_cpp_69.txt,cpp,codecontests,train
codecontests_cpp_693,codecontests_cpp_693.txt,cpp,codecontests,train
codecontests_cpp_700,codecontests_cpp_700.txt,cpp,codecontests,test
codecontests_cpp_707,codecontests_cpp_707.txt,cpp,codecontests,train
codecontests_cpp_710,codecontests_cpp_710.txt,cpp,codecontests,train
codecontests_cpp_72,codecontests_cpp_72.txt,cpp,codecontests,train
codecontests_cpp_754,codecontests_cpp_754.txt,cpp,codecontests,train
codecontests_cpp_775,codecontests_cpp_775.txt,cpp,codecontests,train
codecontests_cpp_776,codecontests_cpp_776.txt,cpp,codecontests,train
codecontests_cpp_778,codecontests_cpp_778.txt,cpp,codecontests,train
codecontests_cpp_783,codecontests_cpp_783.txt,cpp,codecontests,test
codecontests_cpp_787,codecontests_cpp_787.txt,cpp,codecontests,train
codecontests_cpp_79,codecontests_cpp_79.txt,cpp,codecontests,test
codecontests_cpp_790,codecontests_cpp_790.txt,cpp,codecontests,train
codecontests_cpp_793,codecontests_cpp_793.txt,cpp,codecontests,train
codecontests_cpp_797,codecontests_cpp_797.txt,cpp,codecontests,test
codecontests_cpp_800,codecontests_cpp_800.txt,cpp,codecontests,train
codecontests_cpp_802,codecontests_cpp_802.txt,cpp,codecontests,train
codecontests_cpp_808,codecontests_cpp_808.txt,cpp,codecontests,test
codecontests_cpp_817,codecontests_cpp_817.txt,cpp,codecontests,train
codecontests_cpp_820,codecontests_cpp_820.txt,cpp,codecontests,train
codecontests_cpp_830,codecontests_cpp_830.txt,cpp,codecontests,test
codecontests_cpp_89,codecontests_cpp_89.txt,cpp,codecontests,train
codecontests_cpp_9,codecontests_cpp_9.txt,cpp,codecontests,train
codecontests_cpp_91,codecontests_cpp_91.txt,cpp,codecontests,test
codecontests_cpp_93,codecontests_cpp_93.txt,cpp,codecontests,train
codecontests_cpp_94,codecontests_cpp_94.txt,cpp,codecontests,train
codecontests_cpp_95,codecontests_cpp_95.txt,cpp,codecontests,train
codecontests_java_101,codecontests_java_101.txt,java,codecontests,test
codecontests_java_108,codecontests_java_108.txt,java,codecontests,train
codecontests_java_112,codecontests_java_112.txt,java,codecontests,test
codecontests_java_117,codecontests_java_117.txt,java,codecontests,train
codecontests_java_120,codecontests_java_120.txt,java,codecontests,train
codecontests_java_121,codecontests_java_121.txt,java,codecontests,train
codecontests_java_122,codecontests_java_122.txt,java,codecontests,test
codecontests_java_127,codecontests_java_127.txt,java,codecontests,test
codecontests_java_129,codecontests_java_129.txt,java,codecontests,train
codecontests_java_13,codecontests_java_13.txt,java,codecontests,train
codecontests_java_133,codecontests_java_133.txt,java,codecontests,train
codecontests_java_136,codecontests_java_136.txt,java,codecontests,test
codecontests_java_14,codecontests_java_14.txt,java,codecontests,train
codecontests_java_141,codecontests_java_141.txt,java,codecontests,train
codecontests_java_144,codecontests_java_144.txt,java,codecontests,train
codecontests_java_146,codecontests_java_146.txt,java,codecontests,train
codecontests_java_149,codecontests_java_149.txt,java,codecontests,train
codecontests_java_154,codecontests_java_154.txt,java,codecontests,test
codecontests_java_157,codecontests_java_157.txt,java,codecontests,test
codecontests_java_160,codecontests_java_160.txt,java,codecontests,train
codecontests_java_166,codecontests_java_166.txt,java,codecontests,train
codecontests_java_167,codecontests_java_167.txt,java,codecontests,train
codecontests_java_169,codecontests_java_169.txt,java,codecontests,train
codecontests_java_171,codecontests_java_171.txt,java,codecontests,test
codecontests_java_172,codecontests_java_172.txt,java,codecontests,train
codecontests_java_173,codecontests_java_173.txt,java,codecontests,train
codecontests_java_176,codecontests_java_176.txt,java,codecontests,train
codecontests_java_177,codecontests_java_177.txt,java,codecontests,train
codecontests_java_179,codecontests_java_179.txt,java,codecontests,train
codecontests_java_18,codecontests_java_18.txt,java,codecontests,test
codecontests_java_180,codecontests_java_180.txt,java,codecontests,train
codecontests_java_183,codecontests_java_183.txt,java,codecontests,train
codecontests_java_187,codecontests_java_187.txt,java,codecontests,test
codecontests_java_193,codecontests_java_193.txt,java,codecontests,train
codecontests_java_194,codecontests_java_194.txt,java,codecontests,train
codecontests_java_195,codecontests_java_195.txt,java,codecontests,train
codecontests_java_196,codecontests_java_196.txt,java,codecontests,train
codecontests_java_199,codecontests_java_199.txt,java,codecontests,train
codecontests_java_200,codecontests_java_200.txt,java,codecontests,train
codecontests_java_201,codecontests_java_201.txt,java,codecontests,train
codecontests_java_203,codecontests_java_203.txt,java,codecontests,train
codecontests_java_204,codecontests_java_204.txt,java,codecontests,train
codecontests_java_209,codecontests_java_209.txt,java,codecontests,train
codecontests_java_210,codecontests_java_210.txt,java,codecontests,train
codecontests_java_213,codecontests_java_213.txt,java,codecontests,train
codecontests_java_216,codecontests_java_216.txt,java,codecontests,train
codecontests_java_222,codecontests_java_222.txt,java,codecontests,test
codecontests_java_223,codecontests_java_223.txt,java,codecontests,test
codecontests_java_224,codecontests_java_224.txt,java,codecontests,train
codecontests_java_225,codecontests_java_225.txt,java,codecontests,test
codecontests_java_23,codecontests_java_23.txt,java,codecontests,train
codecontests_java_231,codecontests_java_231.txt,java,codecontests,train
codecontests_java_235,codecontests_java_235.txt,java,codecontests,train
codecontests_java_237,codecontests_java_237.txt,java,codecontests,train
codecontests_java_238,codecontests_java_238.txt,java,codecontests,train
codecontests_java_239,codecontests_java_239.txt,java,codecontests,train
codecontests_java_24,codecontests_java_24.txt,java,codecontests,train
codecontests_java_243,codecontests_java_243.txt,java,codecontests,test
codecontests_java_245,codecontests_java_245.txt,java,codecontests,train
codecontests_java_249,codecontests_java_249.txt,java,codecontests,train
codecontests_java_250,codecontests_java_250.txt,java,codecontests,train
codecontests_java_262,codecontests_java_262.txt,java,codecontests,train
codecontests_java_266,codecontests_java_266.txt,java,codecontests,test
codecontests_java_270,codecontests_java_270.txt,java,codecontests,train
codecontests_java_271,codecontests_java_271.txt,java,codecontests,train
codecontests_java_273,codecontests_java_273.txt,java,codecontests,test
codecontests_java_275,codecontests_java_275.txt,java,codecontests,train
codecontests_java_278,codecontests_java_278.txt,java,codecontests,train
codecontests_java_28,codecontests_java_28.txt,java,codecontests,test
codecontests_java_286,codecontests_java_286.txt,java,codecontests,train
codecontests_java_290,codecontests_java_290.txt,java,codecontests,train
codecontests_java_291,codecontests_java_291.txt,java,codecontests,train
codecontests_java_298,codecontests_java_298.txt,java,codecontests,test
codecontests_java_303,codecontests_java_303.txt,java,codecontests,train
codecontests_java_306,codecontests_java_306.txt,java,codecontests,train
codecontests_java_307,codecontests_java_307.txt,java,codecontests,test
codecontests_java_311,codecontests_java_311.txt,java,codecontests,train
codecontests_java_314,codecontests_java_314.txt,java,codecontests,train
codecontests_java_318,codecontests_java_318.txt,java,codecontests,train
codecontests_java_321,codecontests_java_321.txt,java,codecontests,train
codecontests_java_326,codecontests_java_326.txt,java,codecontests,train
codecontests_java_327,codecontests_java_327.txt,java,codecontests,test
codecontests_java_328,codecontests_java_328.txt,java,codecontests,train
codecontests_java_329,codecontests_java_329.txt,java,codecontests,train
codecontests_java_336,codecontests_java_336.txt,java,codecontests,test
codecontests_java_338,codecontests_java_338.txt,java,codecontests,train
codecontests_java_341,codecontests_java_341.txt,java,codecontests,train
codecontests_java_342,codecontests_java_342.txt,java,codecontests,train
codecontests_java_343,codecontests_java_343.txt,java,codecontests,train
codecontests_java_347,codecontests_java_347.txt,java,codecontests,train
codecontests_java_348,codecontests_java_348.txt,java,codecontests,train
codecontests_java_350,codecontests_java_350.txt,java,codecontests,train
codecontests_java_355,codecontests_java_355.txt,java,codecontests,train
codecontests_java_358,codecontests_java_358.txt,java,codecontests,test
codecontests_java_360,codecontests_java_360.txt,java,codecontests,train
codecontests_java_364,codecontests_java_364.txt,java,codecontests,train
codecontests_java_37,codecontests_java_37.txt,java,codecontests,test
codecontests_java_378,codecontests_java_378.txt,java,codecontests,train
codecontests_java_381,codecontests_java_381.txt,java,codecontests,train
codecontests_java_384,codecontests_java_384.txt,java,codecontests,test
codecontests_java_387,codecontests_java_387.txt,java,codecontests,train
codecontests_java_392,codecontests_java_392.txt,java,codecontests,train
codecontests_java_396,codecontests_java_396.txt,java,codecontests,train
codecontests_java_397,codecontests_java_397.txt,java,codecontests,train
codecontests_java_398,codecontests_java_398.txt,java,codecontests,train
codecontests_java_400,codecontests_java_400.txt,java,codecontests,train
codecontests_java_409,codecontests_java_409.txt,java,codecontests,train
codecontests_java_413,codecontests_java_413.txt,java,codecontests,train
codecontests_java_414,codecontests_java_414.txt,java,codecontests,train
codecontests_java_418,codecontests_java_418.txt,java,codecontests,train
codecontests_java_42,codecontests_java_42.txt,java,codecontests,train
codecontests_java_430,codecontests_java_430.txt,java,codecontests,train
codecontests_java_431,codecontests_java_431.txt,java,codecontests,test
codecontests_java_433,codecontests_java_433.txt,java,codecontests,train
codecontests_java_436,codecontests_java_436.txt,java,codecontests,train
codecontests_java_438,codecontests_java_438.txt,java,codecontests,train
codecontests_java_443,codecontests_java_443.txt,java,codecontests,train
codecontests_java_448,codecontests_java_448.txt,java,codecontests,train
codecontests_java_454,codecontests_java_454.txt,java,codecontests,train
codecontests_java_455,codecontests_java_455.txt,java,codecontests,train
codecontests_java_461,codecontests_java_461.txt,java,codecontests,test
codecontests_java_464,codecontests_java_464.txt,java,codecontests,train
codecontests_java_465,codecontests_java_465.txt,java,codecontests,train
codecontests_java_467,codecontests_java_467.txt,java,codecontests,test
codecontests_java_495,codecontests_java_495.txt,java,codecontests,train
codecontests_java_498,codecontests_java_498.txt,java,codecontests,train
codecontests_java_510,codecontests_java_510.txt,java,codecontests,test
codecontests_java_513,codecontests_java_513.txt,java,codecontests,train
codecontests_java_514,codecontests_java_514.txt,java,codecontests,train
codecontests_java_517,codecontests_java_517.txt,java,codecontests,train
codecontests_java_518,codecontests_java_518.txt,java,codecontests,train
codecontests_java_521,codecontests_java_521.txt,java,codecontests,train
codecontests_java_523,codecontests_java_523.txt,java,codecontests,train
codecontests_java_525,codecontests_java_525.txt,java,codecontests,test
codecontests_java_532,codecontests_java_532.txt,java,codecontests,train
codecontests_java_533,codecontests_java_533.txt,java,codecontests,train
codecontests_java_54,codecontests_java_54.txt,java,codecontests,train
codecontests_java_547,codecontests_java_547.txt,java,codecontests,train
codecontests_java_549,codecontests_java_549.txt,java,codecontests,train
codecontests_java_551,codecontests_java_551.txt,java,codecontests,train
codecontests_java_554,codecontests_java_554.txt,java,codecontests,train
codecontests_java_555,codecontests_java_555.txt,java,codecontests,train
codecontests_java_561,codecontests_java_561.txt,java,codecontests,train
codecontests_java_568,codecontests_java_568.txt,java,codecontests,train
codecontests_java_572,codecontests_java_572.txt,java,codecontests,train
codecontests_java_579,codecontests_java_579.txt,java,codecontests,train
codecontests_java_583,codecontests_java_583.txt,java,codecontests,train
codecontests_java_584,codecontests_java_584.txt,java,codecontests,test
codecontests_java_587,codecontests_java_587.txt,java,codecontests,train
codecontests_java_590,codecontests_java_590.txt,java,codecontests,train
codecontests_java_596,codecontests_java_596.txt,java,codecontests,train
codecontests_java_597,codecontests_java_597.txt,java,codecontests,test
codecontests_java_60,codecontests_java_60.txt,java,codecontests,test
codecontests_java_602,codecontests_java_602.txt,java,codecontests,train
codecontests_java_605,codecontests_java_605.txt,java,codecontests,train
codecontests_java_607,codecontests_java_607.txt,java,codecontests,test
codecontests_java_61,codecontests_java_61.txt,java,codecontests,train
codecontests_java_613,codecontests_java_613.txt,java,codecontests,train
codecontests_java_617,codecontests_java_617.txt,java,codecontests,train
codecontests_java_621,codecontests_java_621.txt,java,codecontests,train
codecontests_java_623,codecontests_java_623.txt,java,codecontests,train
codecontests_java_624,codecontests_java_624.txt,java,codecontests,train
codecontests_java_64,codecontests_java_64.txt,java,codecontests,train
codecontests_java_69,codecontests_java_69.txt,java,codecontests,train
codecontests_java_7,codecontests_java_7.txt,java,codecontests,train
codecontests_java_72,codecontests_java_72.txt,java,codecontests,train
codecontests_java_83,codecontests_java_83.txt,java,codecontests,train
codecontests_java_86,codecontests_java_86.txt,java,codecontests,train
codecontests_java_9,codecontests_java_9.txt,java,codecontests,train
codecontests_java_95,codecontests_java_95.txt,java,codecontests,test
codecontests_java_96,codecontests_java_96.txt,java,codecontests,train
humaneval_python_11,humaneval_python_11.txt,python,humaneval,train
humaneval_python_112,humaneval_python_112.txt,python,humaneval,train
humaneval_python_125,humaneval_python_125.txt,python,humaneval,test
humaneval_python_137,humaneval_python_137.txt,python,humaneval,train
humaneval_python_145,humaneval_python_145.txt,python,humaneval,train
humaneval_python_149,humaneval_python_149.txt,python,humaneval,test
humaneval_python_151,humaneval_python_151.txt,python,humaneval,train
humaneval_python_154,humaneval_python_154.txt,python,humaneval,train
humaneval_python_161,humaneval_python_161.txt,python,humaneval,train
humaneval_python_21,humaneval_python_21.txt,python,humaneval,train
humaneval_python_26,humaneval_python_26.txt,python,humaneval,test
humaneval_python_39,humaneval_python_39.txt,python,humaneval,test
humaneval_python_44,humaneval_python_44.txt,python,humaneval,train
humaneval_python_47,humaneval_python_47.txt,python,humaneval,test
humaneval_python_64,humaneval_python_64.txt,python,humaneval,train
humaneval_python_78,humaneval_python_78.txt,python,humaneval,train
humaneval_python_95,humaneval_python_95.txt,python,humaneval,train
humaneval_python_97,humaneval_python_97.txt,python,humaneval,train
mbpp_python_1,mbpp_python_1.txt,python,mbpp,train
mbpp_python_115,mbpp_python_115.txt,python,mbpp,train
mbpp_python_133,mbpp_python_133.txt,python,mbpp,train
mbpp_python_148,mbpp_python_148.txt,python,mbpp,train
mbpp_python_17,mbpp_python_17.txt,python,mbpp,train
mbpp_python_175,mbpp_python_175.txt,python,mbpp,train
mbpp_python_204,mbpp_python_204.txt,python,mbpp,train
mbpp_python_235,mbpp_python_235.txt,python,mbpp,train
mbpp_python_302,mbpp_python_302.txt,python,mbpp,train
mbpp_python_308,mbpp_python_308.txt,python,mbpp,train
mbpp_python_321,mbpp_python_321.txt,python,mbpp,train
mbpp_python_327,mbpp_python_327.txt,python,mbpp,train
mbpp_python_335,mbpp_python_335.txt,python,mbpp,train
mbpp_python_36,mbpp_python_36.txt,python,mbpp,train
mbpp_python_404,mbpp_python_404.txt,python,mbpp,train
mbpp_python_418,mbpp_python_418.txt,python,mbpp,test
mbpp_python_419,mbpp_python_419.txt,python,mbpp,test
mbpp_python_42,mbpp_python_42.txt,python,mbpp,train
mbpp_python_421,mbpp_python_421.txt,python,mbpp,train
mbpp_python_424,mbpp_python_424.txt,python,mbpp,train
mbpp_python_438,mbpp_python_438.txt,python,mbpp,train
mbpp_python_445,mbpp_python_445.txt,python,mbpp,train
mbpp_python_448,mbpp_python_448.txt,python,mbpp,train
mbpp_python_61,mbpp_python_61.txt,python,mbpp,test
mbpp_python_81,mbpp_python_81.txt,python,mbpp,train
mbpp_python_96,mbpp_python_96.txt,python,mbpp,train
