sample_id,filename,split
apps_python_1,apps_python_1.txt,train
apps_python_10,apps_python_10.txt,test
apps_python_100,apps_python_100.txt,test
apps_python_101,apps_python_101.txt,train
apps_python_102,apps_python_102.txt,train
apps_python_103,apps_python_103.txt,train
apps_python_105,apps_python_105.txt,train
apps_python_106,apps_python_106.txt,train
apps_python_107,apps_python_107.txt,test
apps_python_108,apps_python_108.txt,train
apps_python_109,apps_python_109.txt,train
apps_python_111,apps_python_111.txt,train
apps_python_112,apps_python_112.txt,train
apps_python_113,apps_python_113.txt,train
apps_python_116,apps_python_116.txt,train
apps_python_117,apps_python_117.txt,train
apps_python_118,apps_python_118.txt,train
apps_python_119,apps_python_119.txt,train
apps_python_120,apps_python_120.txt,train
apps_python_121,apps_python_121.txt,train
apps_python_122,apps_python_122.txt,train
apps_python_123,apps_python_123.txt,train
apps_python_124,apps_python_124.txt,train
apps_python_125,apps_python_125.txt,train
apps_python_126,apps_python_126.txt,train
apps_python_127,apps_python_127.txt,test
apps_python_128,apps_python_128.txt,train
apps_python_13,apps_python_13.txt,train
apps_python_131,apps_python_131.txt,test
apps_python_132,apps_python_132.txt,train
apps_python_135,apps_python_135.txt,test
apps_python_136,apps_python_136.txt,train
apps_python_138,apps_python_138.txt,test
apps_python_140,apps_python_140.txt,train
apps_python_142,apps_python_142.txt,test
apps_python_143,apps_python_143.txt,train
apps_python_146,apps_python_146.txt,train
apps_python_148,apps_python_148.txt,train
apps_python_150,apps_python_150.txt,train
apps_python_151,apps_python_151.txt,test
apps_python_152,apps_python_152.txt,train
apps_python_153,apps_python_153.txt,train
apps_python_154,apps_python_154.txt,test
apps_python_155,apps_python_155.txt,train
apps_python_156,apps_python_156.txt,train
apps_python_157,apps_python_157.txt,test
apps_python_158,apps_python_158.txt,train
apps_python_16,apps_python_16.txt,train
apps_python_161,apps_python_161.txt,train
apps_python_162,apps_python_162.txt,train
apps_python_163,apps_python_163.txt,test
apps_python_164,apps_python_164.txt,train
apps_python_166,apps_python_166.txt,test
apps_python_167,apps_python_167.txt,test
apps_python_169,apps_python_169.txt,train
apps_python_170,apps_python_170.txt,train
apps_python_173,apps_python_173.txt,train
apps_python_174,apps_python_174.txt,train
apps_python_175,apps_python_175.txt,train
apps_python_176,apps_python_176.txt,test
apps_python_178,apps_python_178.txt,train
apps_python_180,apps_python_180.txt,train
apps_python_183,apps_python_183.txt,train
apps_python_184,apps_python_184.txt,test
apps_python_185,apps_python_185.txt,train
apps_python_186,apps_python_186.txt,test
apps_python_187,apps_python_187.txt,train
apps_python_188,apps_python_188.txt,test
apps_python_190,apps_python_190.txt,train
apps_python_191,apps_python_191.txt,train
apps_python_192,apps_python_192.txt,train
apps_python_193,apps_python_193.txt,train
apps_python_194,apps_python_194.txt,train
apps_python_195,apps_python_195.txt,train
apps_python_196,apps_python_196.txt,train
apps_python_197,apps_python_197.txt,train
apps_python_199,apps_python_199.txt,train
apps_python_20,apps_python_20.txt,train
apps_python_200,apps_python_200.txt,train
apps_python_201,apps_python_201.txt,train
apps_python_202,apps_python_202.txt,train
apps_python_203,apps_python_203.txt,train
apps_python_204,apps_python_204.txt,train
apps_python_205,apps_python_205.txt,train
apps_python_206,apps_python_206.txt,test
apps_python_207,apps_python_207.txt,train
apps_python_208,apps_python_208.txt,test
apps_python_209,apps_python_209.txt,test
apps_python_210,apps_python_210.txt,test
apps_python_211,apps_python_211.txt,train
apps_python_212,apps_python_212.txt,train
apps_python_213,apps_python_213.txt,test
apps_python_214,apps_python_214.txt,train
apps_python_215,apps_python_215.txt,train
apps_python_216,apps_python_216.txt,train
apps_python_217,apps_python_217.txt,train
apps_python_218,apps_python_218.txt,train
apps_python_219,apps_python_219.txt,train
apps_python_220,apps_python_220.txt,train
apps_python_221,apps_python_221.txt,train
apps_python_222,apps_python_222.txt,train
apps_python_223,apps_python_223.txt,train
apps_python_224,apps_python_224.txt,test
apps_python_225,apps_python_225.txt,test
apps_python_227,apps_python_227.txt,test
apps_python_229,apps_python_229.txt,train
apps_python_230,apps_python_230.txt,train
apps_python_233,apps_python_233.txt,train
apps_python_234,apps_python_234.txt,train
apps_python_235,apps_python_235.txt,train
apps_python_236,apps_python_236.txt,train
apps_python_237,apps_python_237.txt,test
apps_python_238,apps_python_238.txt,train
apps_python_239,apps_python_239.txt,train
apps_python_240,apps_python_240.txt,train
apps_python_242,apps_python_242.txt,train
apps_python_243,apps_python_243.txt,train
apps_python_244,apps_python_244.txt,train
apps_python_245,apps_python_245.txt,train
apps_python_246,apps_python_246.txt,train
apps_python_248,apps_python_248.txt,train
apps_python_249,apps_python_249.txt,train
apps_python_25,apps_python_25.txt,train
apps_python_250,apps_python_250.txt,train
apps_python_251,apps_python_251.txt,train
apps_python_252,apps_python_252.txt,train
apps_python_254,apps_python_254.txt,train
apps_python_255,apps_python_255.txt,train
apps_python_258,apps_python_258.txt,train
apps_python_259,apps_python_259.txt,train
apps_python_260,apps_python_260.txt,train
apps_python_261,apps_python_261.txt,train
apps_python_262,apps_python_262.txt,train
apps_python_263,apps_python_263.txt,train
apps_python_265,apps_python_265.txt,test
apps_python_266,apps_python_266.txt,train
apps_python_270,apps_python_270.txt,train
apps_python_272,apps_python_272.txt,train
apps_python_273,apps_python_273.txt,test
apps_python_274,apps_python_274.txt,train
apps_python_275,apps_python_275.txt,test
apps_python_279,apps_python_279.txt,train
apps_python_280,apps_python_280.txt,train
apps_python_281,apps_python_281.txt,train
apps_python_282,apps_python_282.txt,train
apps_python_283,apps_python_283.txt,train
apps_python_284,apps_python_284.txt,train
apps_python_286,apps_python_286.txt,train
apps_python_288,apps_python_288.txt,train
apps_python_289,apps_python_289.txt,train
apps_python_29,apps_python_29.txt,train
apps_python_292,apps_python_292.txt,train
apps_python_293,apps_python_293.txt,test
apps_python_294,apps_python_294.txt,test
apps_python_295,apps_python_295.txt,train
apps_python_296,apps_python_296.txt,train
apps_python_297,apps_python_297.txt,test
apps_python_298,apps_python_298.txt,train
apps_python_299,apps_python_299.txt,train
apps_python_30,apps_python_30.txt,train
apps_python_300,apps_python_300.txt,train
apps_python_301,apps_python_301.txt,train
apps_python_302,apps_python_302.txt,train
apps_python_303,apps_python_303.txt,train
apps_python_304,apps_python_304.txt,train
apps_python_306,apps_python_306.txt,train
apps_python_308,apps_python_308.txt,train
apps_python_309,apps_python_309.txt,train
apps_python_310,apps_python_310.txt,train
apps_python_311,apps_python_311.txt,train
apps_python_312,apps_python_312.txt,train
apps_python_313,apps_python_313.txt,test
apps_python_314,apps_python_314.txt,train
apps_python_315,apps_python_315.txt,train
apps_python_316,apps_python_316.txt,train
apps_python_317,apps_python_317.txt,train
apps_python_319,apps_python_319.txt,train
apps_python_321,apps_python_321.txt,train
apps_python_323,apps_python_323.txt,train
apps_python_325,apps_python_325.txt,train
apps_python_326,apps_python_326.txt,train
apps_python_327,apps_python_327.txt,train
apps_python_328,apps_python_328.txt,train
apps_python_329,apps_python_329.txt,train
apps_python_331,apps_python_331.txt,train
apps_python_333,apps_python_333.txt,train
apps_python_336,apps_python_336.txt,train
apps_python_337,apps_python_337.txt,test
apps_python_339,apps_python_339.txt,train
apps_python_34,apps_python_34.txt,train
apps_python_340,apps_python_340.txt,train
apps_python_341,apps_python_341.txt,train
apps_python_342,apps_python_342.txt,test
apps_python_343,apps_python_343.txt,test
apps_python_344,apps_python_344.txt,test
apps_python_345,apps_python_345.txt,train
apps_python_347,apps_python_347.txt,train
apps_python_348,apps_python_348.txt,train
apps_python_349,apps_python_349.txt,train
apps_python_35,apps_python_35.txt,test
apps_python_350,apps_python_350.txt,train
apps_python_351,apps_python_351.txt,test
apps_python_353,apps_python_353.txt,train
apps_python_354,apps_python_354.txt,train
apps_python_355,apps_python_355.txt,train
apps_python_356,apps_python_356.txt,test
apps_python_357,apps_python_357.txt,test
apps_python_359,apps_python_359.txt,test
apps_python_36,apps_python_36.txt,train
apps_python_360,apps_python_360.txt,test
apps_python_361,apps_python_361.txt,train
apps_python_362,apps_python_362.txt,train
apps_python_363,apps_python_363.txt,train
apps_python_364,apps_python_364.txt,train
apps_python_365,apps_python_365.txt,test
apps_python_366,apps_python_366.txt,test
apps_python_367,apps_python_367.txt,train
apps_python_368,apps_python_368.txt,train
apps_python_369,apps_python_369.txt,test
apps_python_37,apps_python_37.txt,train
apps_python_370,apps_python_370.txt,train
apps_python_372,apps_python_372.txt,test
apps_python_373,apps_python_373.txt,train
apps_python_374,apps_python_374.txt,test
apps_python_375,apps_python_375.txt,train
apps_python_376,apps_python_376.txt,test
apps_python_377,apps_python_377.txt,train
apps_python_378,apps_python_378.txt,train
apps_python_379,apps_python_379.txt,test
apps_python_380,apps_python_380.txt,train
apps_python_381,apps_python_381.txt,train
apps_python_383,apps_python_383.txt,train
apps_python_384,apps_python_384.txt,train
apps_python_386,apps_python_386.txt,train
apps_python_387,apps_python_387.txt,train
apps_python_388,apps_python_388.txt,train
apps_python_389,apps_python_389.txt,train
apps_python_390,apps_python_390.txt,train
apps_python_391,apps_python_391.txt,train
apps_python_392,apps_python_392.txt,train
apps_python_393,apps_python_393.txt,test
apps_python_394,apps_python_394.txt,train
apps_python_395,apps_python_395.txt,train
apps_python_396,apps_python_396.txt,train
apps_python_397,apps_python_397.txt,test
apps_python_399,apps_python_399.txt,test
apps_python_4,apps_python_4.txt,train
apps_python_40,apps_python_40.txt,train
apps_python_401,apps_python_401.txt,train
apps_python_402,apps_python_402.txt,train
apps_python_403,apps_python_403.txt,train
apps_python_404,apps_python_404.txt,train
apps_python_405,apps_python_405.txt,train
apps_python_406,apps_python_406.txt,test
apps_python_407,apps_python_407.txt,test
apps_python_408,apps_python_408.txt,train
apps_python_409,apps_python_409.txt,train
apps_python_410,apps_python_410.txt,train
apps_python_412,apps_python_412.txt,test
apps_python_413,apps_python_413.txt,train
apps_python_415,apps_python_415.txt,train
apps_python_417,apps_python_417.txt,train
apps_python_418,apps_python_418.txt,train
apps_python_419,apps_python_419.txt,train
apps_python_420,apps_python_420.txt,train
apps_python_421,apps_python_421.txt,train
apps_python_422,apps_python_422.txt,train
apps_python_425,apps_python_425.txt,train
apps_python_426,apps_python_426.txt,train
apps_python_427,apps_python_427.txt,train
apps_python_428,apps_python_428.txt,test
apps_python_429,apps_python_429.txt,train
apps_python_43,apps_python_43.txt,train
apps_python_430,apps_python_430.txt,train
apps_python_431,apps_python_431.txt,test
apps_python_432,apps_python_432.txt,train
apps_python_435,apps_python_435.txt,train
apps_python_436,apps_python_436.txt,train
apps_python_437,apps_python_437.txt,train
apps_python_438,apps_python_438.txt,train
apps_python_439,apps_python_439.txt,test
apps_python_44,apps_python_44.txt,train
apps_python_440,apps_python_440.txt,test
apps_python_441,apps_python_441.txt,train
apps_python_444,apps_python_444.txt,train
apps_python_445,apps_python_445.txt,train
apps_python_446,apps_python_446.txt,test
apps_python_447,apps_python_447.txt,train
apps_python_448,apps_python_448.txt,train
apps_python_449,apps_python_449.txt,train
apps_python_451,apps_python_451.txt,train
apps_python_452,apps_python_452.txt,train
apps_python_453,apps_python_453.txt,train
apps_python_454,apps_python_454.txt,train
apps_python_455,apps_python_455.txt,train
apps_python_458,apps_python_458.txt,train
apps_python_459,apps_python_459.txt,train
apps_python_46,apps_python_46.txt,test
apps_python_462,apps_python_462.txt,train
apps_python_463,apps_python_463.txt,train
apps_python_464,apps_python_464.txt,train
apps_python_466,apps_python_466.txt,train
apps_python_468,apps_python_468.txt,train
apps_python_469,apps_python_469.txt,test
apps_python_47,apps_python_47.txt,train
apps_python_470,apps_python_470.txt,train
apps_python_472,apps_python_472.txt,train
apps_python_473,apps_python_473.txt,train
apps_python_474,apps_python_474.txt,train
apps_python_476,apps_python_476.txt,train
apps_python_477,apps_python_477.txt,train
apps_python_478,apps_python_478.txt,train
apps_python_479,apps_python_479.txt,train
apps_python_48,apps_python_48.txt,test
apps_python_481,apps_python_481.txt,train
apps_python_484,apps_python_484.txt,test
apps_python_485,apps_python_485.txt,train
apps_python_486,apps_python_486.txt,train
apps_python_487,apps_python_487.txt,train
apps_python_488,apps_python_488.txt,train
apps_python_489,apps_python_489.txt,train
apps_python_49,apps_python_49.txt,train
apps_python_490,apps_python_490.txt,test
apps_python_491,apps_python_491.txt,train
apps_python_492,apps_python_492.txt,test
apps_python_494,apps_python_494.txt,train
apps_python_495,apps_python_495.txt,test
apps_python_496,apps_python_496.txt,train
apps_python_497,apps_python_497.txt,train
apps_python_498,apps_python_498.txt,train
apps_python_499,apps_python_499.txt,train
apps_python_5,apps_python_5.txt,train
apps_python_500,apps_python_500.txt,train
apps_python_501,apps_python_501.txt,test
apps_python_502,apps_python_502.txt,train
apps_python_503,apps_python_503.txt,train
apps_python_504,apps_python_504.txt,train
apps_python_505,apps_python_505.txt,train
apps_python_51,apps_python_51.txt,train
apps_python_53,apps_python_53.txt,train
apps_python_54,apps_python_54.txt,train
apps_python_58,apps_python_58.txt,train
apps_python_59,apps_python_59.txt,test
apps_python_60,apps_python_60.txt,train
apps_python_64,apps_python_64.txt,train
apps_python_69,apps_python_69.txt,train
apps_python_74,apps_python_74.txt,train
apps_python_75,apps_python_75.txt,test
apps_python_76,apps_python_76.txt,train
apps_python_77,apps_python_77.txt,train
apps_python_79,apps_python_79.txt,test
apps_python_8,apps_python_8.txt,train
apps_python_80,apps_python_80.txt,train
apps_python_81,apps_python_81.txt,test
apps_python_82,apps_python_82.txt,train
apps_python_83,apps_python_83.txt,train
apps_python_84,apps_python_84.txt,test
apps_python_85,apps_python_85.txt,train
apps_python_88,apps_python_88.txt,train
apps_python_9,apps_python_9.txt,train
apps_python_91,apps_python_91.txt,train
apps_python_92,apps_python_92.txt,train
apps_python_93,apps_python_93.txt,train
apps_python_94,apps_python_94.txt,train
apps_python_95,apps_python_95.txt,train
apps_python_96,apps_python_96.txt,train
apps_python_97,apps_python_97.txt,train
apps_python_98,apps_python_98.txt,test
apps_python_99,apps_python_99.txt,train
codecontests_cpp_1,codecontests_cpp_1.txt,train
codecontests_cpp_106,codecontests_cpp_106.txt,train
codecontests_cpp_11,codecontests_cpp_11.txt,train
codecontests_cpp_114,codecontests_cpp_114.txt,train
codecontests_cpp_115,codecontests_cpp_115.txt,train
codecontests_cpp_116,codecontests_cpp_116.txt,train
codecontests_cpp_117,codecontests_cpp_117.txt,train
codecontests_cpp_12,codecontests_cpp_12.txt,train
codecontests_cpp_123,codecontests_cpp_123.txt,train
codecontests_cpp_124,codecontests_cpp_124.txt,test
codecontests_cpp_125,codecontests_cpp_125.txt,test
codecontests_cpp_127,codecontests_cpp_127.txt,train
codecontests_cpp_130,codecontests_cpp_130.txt,test
codecontests_cpp_131,codecontests_cpp_131.txt,train
codecontests_cpp_132,codecontests_cpp_132.txt,train
codecontests_cpp_134,codecontests_cpp_134.txt,train
codecontests_cpp_136,codecontests_cpp_136.txt,train
codecontests_cpp_137,codecontests_cpp_137.txt,train
codecontests_cpp_138,codecontests_cpp_138.txt,train
codecontests_cpp_140,codecontests_cpp_140.txt,test
codecontests_cpp_141,codecontests_cpp_141.txt,train
codecontests_cpp_142,codecontests_cpp_142.txt,train
codecontests_cpp_143,codecontests_cpp_143.txt,train
codecontests_cpp_145,codecontests_cpp_145.txt,train
codecontests_cpp_147,codecontests_cpp_147.txt,train
codecontests_cpp_148,codecontests_cpp_148.txt,train
codecontests_cpp_149,codecontests_cpp_149.txt,test
codecontests_cpp_15,codecontests_cpp_15.txt,train
codecontests_cpp_154,codecontests_cpp_154.txt,train
codecontests_cpp_156,codecontests_cpp_156.txt,train
codecontests_cpp_158,codecontests_cpp_158.txt,train
codecontests_cpp_16,codecontests_cpp_16.txt,test
codecontests_cpp_161,codecontests_cpp_161.txt,train
codecontests_cpp_162,codecontests_cpp_162.txt,train
codecontests_cpp_163,codecontests_cpp_163.txt,train
codecontests_cpp_165,codecontests_cpp_165.txt,train
codecontests_cpp_17,codecontests_cpp_17.txt,train
codecontests_cpp_170,codecontests_cpp_170.txt,train
codecontests_cpp_171,codecontests_cpp_171.txt,train
codecontests_cpp_173,codecontests_cpp_173.txt,train
codecontests_cpp_175,codecontests_cpp_175.txt,train
codecontests_cpp_177,codecontests_cpp_177.txt,train
codecontests_cpp_178,codecontests_cpp_178.txt,train
codecontests_cpp_18,codecontests_cpp_18.txt,train
codecontests_cpp_181,codecontests_cpp_181.txt,train
codecontests_cpp_182,codecontests_cpp_182.txt,train
codecontests_cpp_185,codecontests_cpp_185.txt,train
codecontests_cpp_186,codecontests_cpp_186.txt,train
codecontests_cpp_188,codecontests_cpp_188.txt,train
codecontests_cpp_189,codecontests_cpp_189.txt,train
codecontests_cpp_190,codecontests_cpp_190.txt,train
codecontests_cpp_191,codecontests_cpp_191.txt,train
codecontests_cpp_192,codecontests_cpp_192.txt,train
codecontests_cpp_194,codecontests_cpp_194.txt,test
codecontests_cpp_195,codecontests_cpp_195.txt,train
codecontests_cpp_197,codecontests_cpp_197.txt,train
codecontests_cpp_199,codecontests_cpp_199.txt,train
codecontests_cpp_20,codecontests_cpp_20.txt,train
codecontests_cpp_200,codecontests_cpp_200.txt,train
codecontests_cpp_201,codecontests_cpp_201.txt,test
codecontests_cpp_202,codecontests_cpp_202.txt,train
codecontests_cpp_203,codecontests_cpp_203.txt,train
codecontests_cpp_204,codecontests_cpp_204.txt,train
codecontests_cpp_206,codecontests_cpp_206.txt,test
codecontests_cpp_207,codecontests_cpp_207.txt,test
codecontests_cpp_211,codecontests_cpp_211.txt,train
codecontests_cpp_213,codecontests_cpp_213.txt,train
codecontests_cpp_215,codecontests_cpp_215.txt,train
codecontests_cpp_216,codecontests_cpp_216.txt,train
codecontests_cpp_218,codecontests_cpp_218.txt,train
codecontests_cpp_219,codecontests_cpp_219.txt,train
codecontests_cpp_22,codecontests_cpp_22.txt,train
codecontests_cpp_220,codecontests_cpp_220.txt,train
codecontests_cpp_223,codecontests_cpp_223.txt,train
codecontests_cpp_224,codecontests_cpp_224.txt,test
codecontests_cpp_225,codecontests_cpp_225.txt,train
codecontests_cpp_227,codecontests_cpp_227.txt,train
codecontests_cpp_228,codecontests_cpp_228.txt,train
codecontests_cpp_23,codecontests_cpp_23.txt,test
codecontests_cpp_235,codecontests_cpp_235.txt,test
codecontests_cpp_236,codecontests_cpp_236.txt,train
codecontests_cpp_24,codecontests_cpp_24.txt,train
codecontests_cpp_242,codecontests_cpp_242.txt,test
codecontests_cpp_245,codecontests_cpp_245.txt,train
codecontests_cpp_246,codecontests_cpp_246.txt,train
codecontests_cpp_248,codecontests_cpp_248.txt,train
codecontests_cpp_249,codecontests_cpp_249.txt,train
codecontests_cpp_252,codecontests_cpp_252.txt,train
codecontests_cpp_253,codecontests_cpp_253.txt,train
codecontests_cpp_254,codecontests_cpp_254.txt,test
codecontests_cpp_255,codecontests_cpp_255.txt,train
codecontests_cpp_256,codecontests_cpp_256.txt,test
codecontests_cpp_257,codecontests_cpp_257.txt,train
codecontests_cpp_258,codecontests_cpp_258.txt,train
codecontests_cpp_259,codecontests_cpp_259.txt,train
codecontests_cpp_26,codecontests_cpp_26.txt,train
codecontests_cpp_261,codecontests_cpp_261.txt,train
codecontests_cpp_262,codecontests_cpp_262.txt,train
codecontests_cpp_263,codecontests_cpp_263.txt,train
codecontests_cpp_264,codecontests_cpp_264.txt,train
codecontests_cpp_265,codecontests_cpp_265.txt,train
codecontests_cpp_268,codecontests_cpp_268.txt,train
codecontests_cpp_27,codecontests_cpp_27.txt,test
codecontests_cpp_272,codecontests_cpp_272.txt,train
codecontests_cpp_274,codecontests_cpp_274.txt,train
codecontests_cpp_276,codecontests_cpp_276.txt,train
codecontests_cpp_277,codecontests_cpp_277.txt,train
codecontests_cpp_279,codecontests_cpp_279.txt,train
codecontests_cpp_28,codecontests_cpp_28.txt,train
codecontests_cpp_281,codecontests_cpp_281.txt,train
codecontests_cpp_283,codecontests_cpp_283.txt,train
codecontests_cpp_284,codecontests_cpp_284.txt,train
codecontests_cpp_285,codecontests_cpp_285.txt,test
codecontests_cpp_288,codecontests_cpp_288.txt,train
codecontests_cpp_29,codecontests_cpp_29.txt,test
codecontests_cpp_290,codecontests_cpp_290.txt,train
codecontests_cpp_291,codecontests_cpp_291.txt,train
codecontests_cpp_292,codecontests_cpp_292.txt,train
codecontests_cpp_294,codecontests_cpp_294.txt,train
codecontests_cpp_296,codecontests_cpp_296.txt,train
codecontests_cpp_297,codecontests_cpp_297.txt,train
codecontests_cpp_298,codecontests_cpp_298.txt,train
codecontests_cpp_30,codecontests_cpp_30.txt,train
codecontests_cpp_301,codecontests_cpp_301.txt,train
codecontests_cpp_302,codecontests_cpp_302.txt,train
codecontests_cpp_303,codecontests_cpp_303.txt,train
codecontests_cpp_304,codecontests_cpp_304.txt,train
codecontests_cpp_306,codecontests_cpp_306.txt,train
codecontests_cpp_309,codecontests_cpp_309.txt,train
codecontests_cpp_310,codecontests_cpp_310.txt,train
codecontests_cpp_312,codecontests_cpp_312.txt,train
codecontests_cpp_314,codecontests_cpp_314.txt,train
codecontests_cpp_315,codecontests_cpp_315.txt,train
codecontests_cpp_317,codecontests_cpp_317.txt,test
codecontests_cpp_318,codecontests_cpp_318.txt,test
codecontests_cpp_319,codecontests_cpp_319.txt,train
codecontests_cpp_32,codecontests_cpp_32.txt,train
codecontests_cpp_320,codecontests_cpp_320.txt,train
codecontests_cpp_322,codecontests_cpp_322.txt,train
codecontests_cpp_323,codecontests_cpp_323.txt,train
codecontests_cpp_326,codecontests_cpp_326.txt,test
codecontests_cpp_327,codecontests_cpp_327.txt,test
codecontests_cpp_329,codecontests_cpp_329.txt,train
codecontests_cpp_332,codecontests_cpp_332.txt,test
codecontests_cpp_333,codecontests_cpp_333.txt,train
codecontests_cpp_334,codecontests_cpp_334.txt,test
codecontests_cpp_335,codecontests_cpp_335.txt,test
codecontests_cpp_341,codecontests_cpp_341.txt,train
codecontests_cpp_342,codecontests_cpp_342.txt,train
codecontests_cpp_343,codecontests_cpp_343.txt,train
codecontests_cpp_344,codecontests_cpp_344.txt,train
codecontests_cpp_346,codecontests_cpp_346.txt,train
codecontests_cpp_347,codecontests_cpp_347.txt,test
codecontests_cpp_349,codecontests_cpp_349.txt,test
codecontests_cpp_35,codecontests_cpp_35.txt,train
codecontests_cpp_354,codecontests_cpp_354.txt,train
codecontests_cpp_357,codecontests_cpp_357.txt,train
codecontests_cpp_358,codecontests_cpp_358.txt,train
codecontests_cpp_360,codecontests_cpp_360.txt,train
codecontests_cpp_362,codecontests_cpp_362.txt,train
codecontests_cpp_366,codecontests_cpp_366.txt,train
codecontests_cpp_367,codecontests_cpp_367.txt,train
codecontests_cpp_368,codecontests_cpp_368.txt,train
codecontests_cpp_369,codecontests_cpp_369.txt,train
codecontests_cpp_370,codecontests_cpp_370.txt,train
codecontests_cpp_371,codecontests_cpp_371.txt,train
codecontests_cpp_372,codecontests_cpp_372.txt,train
codecontests_cpp_373,codecontests_cpp_373.txt,test
codecontests_cpp_374,codecontests_cpp_374.txt,train
codecontests_cpp_378,codecontests_cpp_378.txt,train
codecontests_cpp_379,codecontests_cpp_379.txt,train
codecontests_cpp_380,codecontests_cpp_380.txt,train
codecontests_cpp_384,codecontests_cpp_384.txt,train
codecontests_cpp_386,codecontests_cpp_386.txt,train
codecontests_cpp_389,codecontests_cpp_389.txt,test
codecontests_cpp_39,codecontests_cpp_39.txt,train
codecontests_cpp_390,codecontests_cpp_390.txt,test
codecontests_cpp_391,codecontests_cpp_391.txt,test
codecontests_cpp_393,codecontests_cpp_393.txt,train
codecontests_cpp_397,codecontests_cpp_397.txt,train
codecontests_cpp_398,codecontests_cpp_398.txt,train
codecontests_cpp_4,codecontests_cpp_4.txt,train
codecontests_cpp_40,codecontests_cpp_40.txt,test
codecontests_cpp_401,codecontests_cpp_401.txt,train
codecontests_cpp_407,codecontests_cpp_407.txt,train
codecontests_cpp_408,codecontests_cpp_408.txt,train
codecontests_cpp_409,codecontests_cpp_409.txt,train
codecontests_cpp_41,codecontests_cpp_41.txt,train
codecontests_cpp_411,codecontests_cpp_411.txt,train
codecontests_cpp_412,codecontests_cpp_412.txt,test
codecontests_cpp_414,codecontests_cpp_414.txt,train
codecontests_cpp_416,codecontests_cpp_416.txt,train
codecontests_cpp_417,codecontests_cpp_417.txt,train
codecontests_cpp_418,codecontests_cpp_418.txt,train
codecontests_cpp_419,codecontests_cpp_419.txt,train
codecontests_cpp_42,codecontests_cpp_42.txt,train
codecontests_cpp_422,codecontests_cpp_422.txt,train
codecontests_cpp_423,codecontests_cpp_423.txt,test
codecontests_cpp_424,codecontests_cpp_424.txt,train
codecontests_cpp_426,codecontests_cpp_426.txt,test
codecontests_cpp_427,codecontests_cpp_427.txt,train
codecontests_cpp_428,codecontests_cpp_428.txt,train
codecontests_cpp_429,codecontests_cpp_429.txt,train
codecontests_cpp_43,codecontests_cpp_43.txt,train
codecontests_cpp_432,codecontests_cpp_432.txt,test
codecontests_cpp_435,codecontests_cpp_435.txt,train
codecontests_cpp_436,codecontests_cpp_436.txt,train
codecontests_cpp_437,codecontests_cpp_437.txt,train
codecontests_cpp_438,codecontests_cpp_438.txt,test
codecontests_cpp_439,codecontests_cpp_439.txt,train
codecontests_cpp_44,codecontests_cpp_44.txt,train
codecontests_cpp_440,codecontests_cpp_440.txt,train
codecontests_cpp_441,codecontests_cpp_441.txt,train
codecontests_cpp_444,codecontests_cpp_444.txt,test
codecontests_cpp_446,codecontests_cpp_446.txt,train
codecontests_cpp_447,codecontests_cpp_447.txt,train
codecontests_cpp_45,codecontests_cpp_45.txt,test
codecontests_cpp_451,codecontests_cpp_451.txt,train
codecontests_cpp_452,codecontests_cpp_452.txt,test
codecontests_cpp_454,codecontests_cpp_454.txt,train
codecontests_cpp_457,codecontests_cpp_457.txt,train
codecontests_cpp_463,codecontests_cpp_463.txt,train
codecontests_cpp_47,codecontests_cpp_47.txt,train
codecontests_cpp_470,codecontests_cpp_470.txt,train
codecontests_cpp_472,codecontests_cpp_472.txt,train
codecontests_cpp_473,codecontests_cpp_473.txt,train
codecontests_cpp_475,codecontests_cpp_475.txt,test
codecontests_cpp_476,codecontests_cpp_476.txt,train
codecontests_cpp_477,codecontests_cpp_477.txt,test
codecontests_cpp_479,codecontests_cpp_479.txt,train
codecontests_cpp_48,codecontests_cpp_48.txt,train
codecontests_cpp_481,codecontests_cpp_481.txt,train
codecontests_cpp_483,codecontests_cpp_483.txt,train
codecontests_cpp_485,codecontests_cpp_485.txt,train
codecontests_cpp_486,codecontests_cpp_486.txt,test
codecontests_cpp_488,codecontests_cpp_488.txt,train
codecontests_cpp_49,codecontests_cpp_49.txt,train
codecontests_cpp_490,codecontests_cpp_490.txt,train
codecontests_cpp_492,codecontests_cpp_492.txt,train
codecontests_cpp_493,codecontests_cpp_493.txt,test
codecontests_cpp_494,codecontests_cpp_494.txt,train
codecontests_cpp_5,codecontests_cpp_5.txt,train
codecontests_cpp_50,codecontests_cpp_50.txt,train
codecontests_cpp_500,codecontests_cpp_500.txt,train
codecontests_cpp_502,codecontests_cpp_502.txt,train
codecontests_cpp_503,codecontests_cpp_503.txt,test
codecontests_cpp_504,codecontests_cpp_504.txt,train
codecontests_cpp_508,codecontests_cpp_508.txt,train
codecontests_cpp_509,codecontests_cpp_509.txt,train
codecontests_cpp_510,codecontests_cpp_510.txt,train
codecontests_cpp_511,codecontests_cpp_511.txt,test
codecontests_cpp_512,codecontests_cpp_512.txt,train
codecontests_cpp_515,codecontests_cpp_515.txt,train
codecontests_cpp_516,codecontests_cpp_516.txt,train
codecontests_cpp_517,codecontests_cpp_517.txt,test
codecontests_cpp_52,codecontests_cpp_52.txt,train
codecontests_cpp_520,codecontests_cpp_520.txt,train
codecontests_cpp_526,codecontests_cpp_526.txt,test
codecontests_cpp_528,codecontests_cpp_528.txt,test
codecontests_cpp_53,codecontests_cpp_53.txt,train
codecontests_cpp_531,codecontests_cpp_531.txt,train
codecontests_cpp_534,codecontests_cpp_534.txt,train
codecontests_cpp_535,codecontests_cpp_535.txt,train
codecontests_cpp_536,codecontests_cpp_536.txt,train
codecontests_cpp_538,codecontests_cpp_538.txt,train
codecontests_cpp_540,codecontests_cpp_540.txt,train
codecontests_cpp_544,codecontests_cpp_544.txt,train
codecontests_cpp_546,codecontests_cpp_546.txt,test
codecontests_cpp_548,codecontests_cpp_548.txt,train
codecontests_cpp_550,codecontests_cpp_550.txt,test
codecontests_cpp_552,codecontests_cpp_552.txt,train
codecontests_cpp_556,codecontests_cpp_556.txt,train
codecontests_cpp_557,codecontests_cpp_557.txt,train
codecontests_cpp_558,codecontests_cpp_558.txt,test
codecontests_cpp_56,codecontests_cpp_56.txt,train
codecontests_cpp_560,codecontests_cpp_560.txt,train
codecontests_cpp_562,codecontests_cpp_562.txt,train
codecontests_cpp_563,codecontests_cpp_563.txt,test
codecontests_cpp_564,codecontests_cpp_564.txt,train
codecontests_cpp_565,codecontests_cpp_565.txt,train
codecontests_cpp_566,codecontests_cpp_566.txt,train
codecontests_cpp_567,codecontests_cpp_567.txt,train
codecontests_cpp_568,codecontests_cpp_568.txt,train
codecontests_cpp_57,codecontests_cpp_57.txt,test
codecontests_cpp_570,codecontests_cpp_570.txt,train
codecontests_cpp_573,codecontests_cpp_573.txt,test
codecontests_cpp_574,codecontests_cpp_574.txt,train
codecontests_cpp_575,codecontests_cpp_575.txt,train
codecontests_cpp_576,codecontests_cpp_576.txt,train
codecontests_cpp_577,codecontests_cpp_577.txt,train
codecontests_cpp_580,codecontests_cpp_580.txt,test
codecontests_cpp_581,codecontests_cpp_581.txt,train
codecontests_cpp_585,codecontests_cpp_585.txt,test
codecontests_cpp_586,codecontests_cpp_586.txt,train
codecontests_cpp_588,codecontests_cpp_588.txt,train
codecontests_cpp_589,codecontests_cpp_589.txt,train
codecontests_cpp_590,codecontests_cpp_590.txt,test
codecontests_cpp_591,codecontests_cpp_591.txt,train
codecontests_cpp_593,codecontests_cpp_593.txt,train
codecontests_cpp_596,codecontests_cpp_596.txt,train
codecontests_cpp_598,codecontests_cpp_598.txt,train
codecontests_cpp_599,codecontests_cpp_599.txt,test
codecontests_cpp_601,codecontests_cpp_601.txt,test
codecontests_cpp_604,codecontests_cpp_604.txt,train
codecontests_cpp_606,codecontests_cpp_606.txt,train
codecontests_cpp_608,codecontests_cpp_608.txt,train
codecontests_cpp_610,codecontests_cpp_610.txt,train
codecontests_cpp_611,codecontests_cpp_611.txt,train
codecontests_cpp_612,codecontests_cpp_612.txt,test
codecontests_cpp_613,codecontests_cpp_613.txt,train
codecontests_cpp_614,codecontests_cpp_614.txt,train
codecontests_cpp_615,codecontests_cpp_615.txt,train
codecontests_cpp_616,codecontests_cpp_616.txt,test
codecontests_cpp_618,codecontests_cpp_618.txt,train
codecontests_cpp_619,codecontests_cpp_619.txt,test
codecontests_cpp_62,codecontests_cpp_62.txt,test
codecontests_cpp_621,codecontests_cpp_621.txt,train
codecontests_cpp_624,codecontests_cpp_624.txt,train
codecontests_cpp_625,codecontests_cpp_625.txt,train
codecontests_cpp_627,codecontests_cpp_627.txt,train
codecontests_cpp_629,codecontests_cpp_629.txt,train
codecontests_cpp_63,codecontests_cpp_63.txt,train
codecontests_cpp_630,codecontests_cpp_630.txt,train
codecontests_cpp_631,codecontests_cpp_631.txt,train
codecontests_cpp_632,codecontests_cpp_632.txt,train
codecontests_cpp_633,codecontests_cpp_633.txt,train
codecontests_cpp_634,codecontests_cpp_634.txt,train
codecontests_cpp_635,codecontests_cpp_635.txt,test
codecontests_cpp_636,codecontests_cpp_636.txt,test
codecontests_cpp_638,codecontests_cpp_638.txt,test
codecontests_cpp_639,codecontests_cpp_639.txt,train
codecontests_cpp_64,codecontests_cpp_64.txt,train
codecontests_cpp_640,codecontests_cpp_640.txt,train
codecontests_cpp_641,codecontests_cpp_641.txt,train
codecontests_cpp_642,codecontests_cpp_642.txt,train
codecontests_cpp_643,codecontests_cpp_643.txt,test
codecontests_cpp_644,codecontests_cpp_644.txt,train
codecontests_cpp_645,codecontests_cpp_645.txt,train
codecontests_cpp_646,codecontests_cpp_646.txt,train
codecontests_cpp_647,codecontests_cpp_647.txt,train
codecontests_cpp_648,codecontests_cpp_648.txt,train
codecontests_cpp_65,codecontests_cpp_65.txt,train
codecontests_cpp_650,codecontests_cpp_650.txt,train
codecontests_cpp_652,codecontests_cpp_652.txt,test
codecontests_cpp_653,codecontests_cpp_653.txt,train
codecontests_cpp_654,codecontests_cpp_654.txt,test
codecontests_cpp_655,codecontests_cpp_655.txt,train
codecontests_cpp_656,codecontests_cpp_656.txt,train
codecontests_cpp_657,codecontests_cpp_657.txt,test
codecontests_cpp_658,codecontests_cpp_658.txt,train
codecontests_cpp_659,codecontests_cpp_659.txt,train
codecontests_cpp_66,codecontests_cpp_66.txt,train
codecontests_cpp_661,codecontests_cpp_661.txt,train
codecontests_cpp_662,codecontests_cpp_662.txt,train
codecontests_cpp_664,codecontests_cpp_664.txt,train
codecontests_cpp_665,codecontests_cpp_665.txt,train
codecontests_cpp_666,codecontests_cpp_666.txt,train
codecontests_cpp_667,codecontests_cpp_667.txt,train
codecontests_cpp_668,codecontests_cpp_668.txt,train
codecontests_cpp_669,codecontests_cpp_669.txt,train
codecontests_cpp_670,codecontests_cpp_670.txt,train
codecontests_cpp_671,codecontests_cpp_671.txt,train
codecontests_cpp_672,codecontests_cpp_672.txt,train
codecontests_cpp_673,codecontests_cpp_673.txt,train
codecontests_cpp_675,codecontests_cpp_675.txt,train
codecontests_cpp_676,codecontests_cpp_676.txt,train
codecontests_cpp_677,codecontests_cpp_677.txt,train
codecontests_cpp_678,codecontests_cpp_678.txt,train
codecontests_cpp_679,codecontests_cpp_679.txt,train
codecontests_cpp_68,codecontests_cpp_68.txt,train
codecontests_cpp_680,codecontests_cpp_680.txt,train
codecontests_cpp_681,codecontests_cpp_681.txt,test
codecontests_cpp_682,codecontests_cpp_682.txt,test
codecontests_cpp_683,codecontests_cpp_683.txt,train
codecontests_cpp_684,codecontests_cpp_684.txt,train
codecontests_cpp_685,codecontests_cpp_685.txt,test
codecontests_cpp_687,codecontests_cpp_687.txt,train
codecontests_cpp_689,codecontests_cpp_689.txt,train
codecontests_cpp_69,codecontests_cpp_69.txt,train
codecontests_cpp_690,codecontests_cpp_690.txt,train
codecontests_cpp_691,codecontests_cpp_691.txt,train
codecontests_cpp_692,codecontests_cpp_692.txt,train
codecontests_cpp_693,codecontests_cpp_693.txt,test
codecontests_cpp_694,codecontests_cpp_694.txt,train
codecontests_cpp_698,codecontests_cpp_698.txt,train
codecontests_cpp_699,codecontests_cpp_699.txt,train
codecontests_cpp_70,codecontests_cpp_70.txt,train
codecontests_cpp_700,codecontests_cpp_700.txt,train
codecontests_cpp_701,codecontests_cpp_701.txt,train
codecontests_cpp_702,codecontests_cpp_702.txt,test
codecontests_cpp_705,codecontests_cpp_705.txt,test
codecontests_cpp_706,codecontests_cpp_706.txt,test
codecontests_cpp_707,codecontests_cpp_707.txt,train
codecontests_cpp_708,codecontests_cpp_708.txt,train
codecontests_cpp_710,codecontests_cpp_710.txt,train
codecontests_cpp_711,codecontests_cpp_711.txt,train
codecontests_cpp_713,codecontests_cpp_713.txt,train
codecontests_cpp_714,codecontests_cpp_714.txt,train
codecontests_cpp_716,codecontests_cpp_716.txt,test
codecontests_cpp_717,codecontests_cpp_717.txt,train
codecontests_cpp_719,codecontests_cpp_719.txt,train
codecontests_cpp_72,codecontests_cpp_72.txt,train
codecontests_cpp_720,codecontests_cpp_720.txt,test
codecontests_cpp_722,codecontests_cpp_722.txt,train
codecontests_cpp_725,codecontests_cpp_725.txt,train
codecontests_cpp_726,codecontests_cpp_726.txt,train
codecontests_cpp_728,codecontests_cpp_728.txt,train
codecontests_cpp_73,codecontests_cpp_73.txt,train
codecontests_cpp_730,codecontests_cpp_730.txt,train
codecontests_cpp_731,codecontests_cpp_731.txt,train
codecontests_cpp_733,codecontests_cpp_733.txt,test
codecontests_cpp_734,codecontests_cpp_734.txt,train
codecontests_cpp_736,codecontests_cpp_736.txt,test
codecontests_cpp_737,codecontests_cpp_737.txt,train
codecontests_cpp_738,codecontests_cpp_738.txt,train
codecontests_cpp_739,codecontests_cpp_739.txt,train
codecontests_cpp_74,codecontests_cpp_74.txt,train
codecontests_cpp_741,codecontests_cpp_741.txt,train
codecontests_cpp_742,codecontests_cpp_742.txt,train
codecontests_cpp_743,codecontests_cpp_743.txt,train
codecontests_cpp_745,codecontests_cpp_745.txt,train
codecontests_cpp_747,codecontests_cpp_747.txt,test
codecontests_cpp_748,codecontests_cpp_748.txt,train
codecontests_cpp_749,codecontests_cpp_749.txt,train
codecontests_cpp_751,codecontests_cpp_751.txt,test
codecontests_cpp_752,codecontests_cpp_752.txt,train
codecontests_cpp_753,codecontests_cpp_753.txt,train
codecontests_cpp_754,codecontests_cpp_754.txt,train
codecontests_cpp_755,codecontests_cpp_755.txt,train
codecontests_cpp_756,codecontests_cpp_756.txt,train
codecontests_cpp_757,codecontests_cpp_757.txt,test
codecontests_cpp_758,codecontests_cpp_758.txt,train
codecontests_cpp_759,codecontests_cpp_759.txt,train
codecontests_cpp_760,codecontests_cpp_760.txt,test
codecontests_cpp_762,codecontests_cpp_762.txt,test
codecontests_cpp_763,codecontests_cpp_763.txt,train
codecontests_cpp_764,codecontests_cpp_764.txt,train
codecontests_cpp_765,codecontests_cpp_765.txt,train
codecontests_cpp_766,codecontests_cpp_766.txt,test
codecontests_cpp_767,codecontests_cpp_767.txt,train
codecontests_cpp_769,codecontests_cpp_769.txt,test
codecontests_cpp_77,codecontests_cpp_77.txt,train
codecontests_cpp_770,codecontests_cpp_770.txt,train
codecontests_cpp_771,codecontests_cpp_771.txt,train
codecontests_cpp_772,codecontests_cpp_772.txt,train
codecontests_cpp_773,codecontests_cpp_773.txt,train
codecontests_cpp_775,codecontests_cpp_775.txt,train
codecontests_cpp_776,codecontests_cpp_776.txt,test
codecontests_cpp_777,codecontests_cpp_777.txt,train
codecontests_cpp_778,codecontests_cpp_778.txt,test
codecontests_cpp_779,codecontests_cpp_779.txt,train
codecontests_cpp_780,codecontests_cpp_780.txt,test
codecontests_cpp_781,codecontests_cpp_781.txt,test
codecontests_cpp_782,codecontests_cpp_782.txt,train
codecontests_cpp_783,codecontests_cpp_783.txt,train
codecontests_cpp_785,codecontests_cpp_785.txt,train
codecontests_cpp_786,codecontests_cpp_786.txt,train
codecontests_cpp_788,codecontests_cpp_788.txt,train
codecontests_cpp_789,codecontests_cpp_789.txt,train
codecontests_cpp_79,codecontests_cpp_79.txt,train
codecontests_cpp_790,codecontests_cpp_790.txt,train
codecontests_cpp_791,codecontests_cpp_791.txt,train
codecontests_cpp_792,codecontests_cpp_792.txt,train
codecontests_cpp_793,codecontests_cpp_793.txt,train
codecontests_cpp_794,codecontests_cpp_794.txt,train
codecontests_cpp_795,codecontests_cpp_795.txt,train
codecontests_cpp_796,codecontests_cpp_796.txt,train
codecontests_cpp_797,codecontests_cpp_797.txt,train
codecontests_cpp_798,codecontests_cpp_798.txt,train
codecontests_cpp_799,codecontests_cpp_799.txt,train
codecontests_cpp_80,codecontests_cpp_80.txt,train
codecontests_cpp_800,codecontests_cpp_800.txt,train
codecontests_cpp_801,codecontests_cpp_801.txt,train
codecontests_cpp_802,codecontests_cpp_802.txt,train
codecontests_cpp_803,codecontests_cpp_803.txt,train
codecontests_cpp_804,codecontests_cpp_804.txt,test
codecontests_cpp_805,codecontests_cpp_805.txt,train
codecontests_cpp_806,codecontests_cpp_806.txt,train
codecontests_cpp_807,codecontests_cpp_807.txt,train
codecontests_cpp_808,codecontests_cpp_808.txt,train
codecontests_cpp_810,codecontests_cpp_810.txt,train
codecontests_cpp_812,codecontests_cpp_812.txt,train
codecontests_cpp_813,codecontests_cpp_813.txt,train
codecontests_cpp_814,codecontests_cpp_814.txt,train
codecontests_cpp_815,codecontests_cpp_815.txt,train
codecontests_cpp_816,codecontests_cpp_816.txt,train
codecontests_cpp_817,codecontests_cpp_817.txt,train
codecontests_cpp_818,codecontests_cpp_818.txt,test
codecontests_cpp_820,codecontests_cpp_820.txt,train
codecontests_cpp_821,codecontests_cpp_821.txt,test
codecontests_cpp_823,codecontests_cpp_823.txt,train
codecontests_cpp_824,codecontests_cpp_824.txt,train
codecontests_cpp_825,codecontests_cpp_825.txt,train
codecontests_cpp_826,codecontests_cpp_826.txt,test
codecontests_cpp_827,codecontests_cpp_827.txt,train
codecontests_cpp_828,codecontests_cpp_828.txt,train
codecontests_cpp_829,codecontests_cpp_829.txt,test
codecontests_cpp_83,codecontests_cpp_83.txt,train
codecontests_cpp_87,codecontests_cpp_87.txt,test
codecontests_cpp_9,codecontests_cpp_9.txt,train
codecontests_cpp_91,codecontests_cpp_91.txt,test
codecontests_cpp_93,codecontests_cpp_93.txt,train
codecontests_cpp_94,codecontests_cpp_94.txt,train
codecontests_cpp_95,codecontests_cpp_95.txt,train
codecontests_cpp_98,codecontests_cpp_98.txt,train
codecontests_cpp_99,codecontests_cpp_99.txt,train
codecontests_java_1,codecontests_java_1.txt,train
codecontests_java_100,codecontests_java_100.txt,train
codecontests_java_101,codecontests_java_101.txt,test
codecontests_java_106,codecontests_java_106.txt,test
codecontests_java_107,codecontests_java_107.txt,train
codecontests_java_109,codecontests_java_109.txt,train
codecontests_java_110,codecontests_java_110.txt,train
codecontests_java_112,codecontests_java_112.txt,train
codecontests_java_113,codecontests_java_113.txt,train
codecontests_java_114,codecontests_java_114.txt,train
codecontests_java_115,codecontests_java_115.txt,test
codecontests_java_116,codecontests_java_116.txt,train
codecontests_java_117,codecontests_java_117.txt,train
codecontests_java_118,codecontests_java_118.txt,train
codecontests_java_12,codecontests_java_12.txt,test
codecontests_java_120,codecontests_java_120.txt,train
codecontests_java_121,codecontests_java_121.txt,train
codecontests_java_122,codecontests_java_122.txt,test
codecontests_java_123,codecontests_java_123.txt,test
codecontests_java_124,codecontests_java_124.txt,train
codecontests_java_125,codecontests_java_125.txt,train
codecontests_java_126,codecontests_java_126.txt,train
codecontests_java_127,codecontests_java_127.txt,train
codecontests_java_129,codecontests_java_129.txt,train
codecontests_java_13,codecontests_java_13.txt,train
codecontests_java_130,codecontests_java_130.txt,train
codecontests_java_132,codecontests_java_132.txt,train
codecontests_java_133,codecontests_java_133.txt,train
codecontests_java_134,codecontests_java_134.txt,train
codecontests_java_136,codecontests_java_136.txt,test
codecontests_java_137,codecontests_java_137.txt,train
codecontests_java_138,codecontests_java_138.txt,train
codecontests_java_139,codecontests_java_139.txt,train
codecontests_java_14,codecontests_java_14.txt,train
codecontests_java_140,codecontests_java_140.txt,train
codecontests_java_141,codecontests_java_141.txt,train
codecontests_java_142,codecontests_java_142.txt,test
codecontests_java_143,codecontests_java_143.txt,train
codecontests_java_144,codecontests_java_144.txt,train
codecontests_java_145,codecontests_java_145.txt,test
codecontests_java_146,codecontests_java_146.txt,train
codecontests_java_147,codecontests_java_147.txt,test
codecontests_java_148,codecontests_java_148.txt,train
codecontests_java_149,codecontests_java_149.txt,train
codecontests_java_15,codecontests_java_15.txt,train
codecontests_java_151,codecontests_java_151.txt,test
codecontests_java_152,codecontests_java_152.txt,test
codecontests_java_153,codecontests_java_153.txt,test
codecontests_java_154,codecontests_java_154.txt,test
codecontests_java_156,codecontests_java_156.txt,train
codecontests_java_157,codecontests_java_157.txt,test
codecontests_java_158,codecontests_java_158.txt,train
codecontests_java_159,codecontests_java_159.txt,train
codecontests_java_16,codecontests_java_16.txt,test
codecontests_java_160,codecontests_java_160.txt,train
codecontests_java_161,codecontests_java_161.txt,train
codecontests_java_162,codecontests_java_162.txt,train
codecontests_java_163,codecontests_java_163.txt,train
codecontests_java_165,codecontests_java_165.txt,train
codecontests_java_166,codecontests_java_166.txt,train
codecontests_java_167,codecontests_java_167.txt,train
codecontests_java_168,codecontests_java_168.txt,test
codecontests_java_169,codecontests_java_169.txt,train
codecontests_java_17,codecontests_java_17.txt,train
codecontests_java_170,codecontests_java_170.txt,train
codecontests_java_171,codecontests_java_171.txt,train
codecontests_java_172,codecontests_java_172.txt,test
codecontests_java_173,codecontests_java_173.txt,train
codecontests_java_174,codecontests_java_174.txt,test
codecontests_java_176,codecontests_java_176.txt,train
codecontests_java_179,codecontests_java_179.txt,test
codecontests_java_18,codecontests_java_18.txt,train
codecontests_java_180,codecontests_java_180.txt,train
codecontests_java_181,codecontests_java_181.txt,train
codecontests_java_182,codecontests_java_182.txt,test
codecontests_java_183,codecontests_java_183.txt,train
codecontests_java_185,codecontests_java_185.txt,train
codecontests_java_187,codecontests_java_187.txt,test
codecontests_java_188,codecontests_java_188.txt,train
codecontests_java_189,codecontests_java_189.txt,train
codecontests_java_19,codecontests_java_19.txt,train
codecontests_java_190,codecontests_java_190.txt,test
codecontests_java_191,codecontests_java_191.txt,train
codecontests_java_192,codecontests_java_192.txt,train
codecontests_java_193,codecontests_java_193.txt,train
codecontests_java_194,codecontests_java_194.txt,train
codecontests_java_195,codecontests_java_195.txt,test
codecontests_java_196,codecontests_java_196.txt,train
codecontests_java_197,codecontests_java_197.txt,train
codecontests_java_198,codecontests_java_198.txt,test
codecontests_java_199,codecontests_java_199.txt,train
codecontests_java_2,codecontests_java_2.txt,train
codecontests_java_20,codecontests_java_20.txt,test
codecontests_java_201,codecontests_java_201.txt,test
codecontests_java_202,codecontests_java_202.txt,test
codecontests_java_203,codecontests_java_203.txt,train
codecontests_java_204,codecontests_java_204.txt,test
codecontests_java_205,codecontests_java_205.txt,train
codecontests_java_206,codecontests_java_206.txt,train
codecontests_java_207,codecontests_java_207.txt,test
codecontests_java_208,codecontests_java_208.txt,test
codecontests_java_209,codecontests_java_209.txt,train
codecontests_java_210,codecontests_java_210.txt,train
codecontests_java_211,codecontests_java_211.txt,train
codecontests_java_212,codecontests_java_212.txt,test
codecontests_java_213,codecontests_java_213.txt,train
codecontests_java_214,codecontests_java_214.txt,train
codecontests_java_215,codecontests_java_215.txt,train
codecontests_java_216,codecontests_java_216.txt,train
codecontests_java_219,codecontests_java_219.txt,test
codecontests_java_22,codecontests_java_22.txt,train
codecontests_java_220,codecontests_java_220.txt,train
codecontests_java_221,codecontests_java_221.txt,train
codecontests_java_223,codecontests_java_223.txt,train
codecontests_java_224,codecontests_java_224.txt,train
codecontests_java_225,codecontests_java_225.txt,train
codecontests_java_226,codecontests_java_226.txt,train
codecontests_java_227,codecontests_java_227.txt,test
codecontests_java_228,codecontests_java_228.txt,train
codecontests_java_229,codecontests_java_229.txt,train
codecontests_java_23,codecontests_java_23.txt,test
codecontests_java_231,codecontests_java_231.txt,train
codecontests_java_233,codecontests_java_233.txt,train
codecontests_java_234,codecontests_java_234.txt,train
codecontests_java_235,codecontests_java_235.txt,train
codecontests_java_236,codecontests_java_236.txt,train
codecontests_java_237,codecontests_java_237.txt,train
codecontests_java_239,codecontests_java_239.txt,train
codecontests_java_240,codecontests_java_240.txt,train
codecontests_java_241,codecontests_java_241.txt,test
codecontests_java_242,codecontests_java_242.txt,train
codecontests_java_243,codecontests_java_243.txt,train
codecontests_java_245,codecontests_java_245.txt,train
codecontests_java_246,codecontests_java_246.txt,train
codecontests_java_247,codecontests_java_247.txt,train
codecontests_java_248,codecontests_java_248.txt,train
codecontests_java_249,codecontests_java_249.txt,train
codecontests_java_25,codecontests_java_25.txt,test
codecontests_java_250,codecontests_java_250.txt,train
codecontests_java_251,codecontests_java_251.txt,train
codecontests_java_252,codecontests_java_252.txt,test
codecontests_java_253,codecontests_java_253.txt,train
codecontests_java_254,codecontests_java_254.txt,test
codecontests_java_257,codecontests_java_257.txt,train
codecontests_java_258,codecontests_java_258.txt,train
codecontests_java_259,codecontests_java_259.txt,train
codecontests_java_26,codecontests_java_26.txt,test
codecontests_java_260,codecontests_java_260.txt,train
codecontests_java_261,codecontests_java_261.txt,train
codecontests_java_262,codecontests_java_262.txt,test
codecontests_java_263,codecontests_java_263.txt,test
codecontests_java_264,codecontests_java_264.txt,train
codecontests_java_268,codecontests_java_268.txt,train
codecontests_java_27,codecontests_java_27.txt,train
codecontests_java_270,codecontests_java_270.txt,train
codecontests_java_271,codecontests_java_271.txt,train
codecontests_java_272,codecontests_java_272.txt,train
codecontests_java_273,codecontests_java_273.txt,train
codecontests_java_275,codecontests_java_275.txt,train
codecontests_java_276,codecontests_java_276.txt,train
codecontests_java_277,codecontests_java_277.txt,train
codecontests_java_278,codecontests_java_278.txt,test
codecontests_java_279,codecontests_java_279.txt,train
codecontests_java_28,codecontests_java_28.txt,train
codecontests_java_280,codecontests_java_280.txt,train
codecontests_java_281,codecontests_java_281.txt,test
codecontests_java_282,codecontests_java_282.txt,train
codecontests_java_286,codecontests_java_286.txt,train
codecontests_java_287,codecontests_java_287.txt,train
codecontests_java_288,codecontests_java_288.txt,train
codecontests_java_289,codecontests_java_289.txt,train
codecontests_java_29,codecontests_java_29.txt,train
codecontests_java_290,codecontests_java_290.txt,train
codecontests_java_294,codecontests_java_294.txt,train
codecontests_java_295,codecontests_java_295.txt,train
codecontests_java_296,codecontests_java_296.txt,train
codecontests_java_298,codecontests_java_298.txt,train
codecontests_java_299,codecontests_java_299.txt,train
codecontests_java_30,codecontests_java_30.txt,test
codecontests_java_300,codecontests_java_300.txt,train
codecontests_java_301,codecontests_java_301.txt,train
codecontests_java_302,codecontests_java_302.txt,train
codecontests_java_304,codecontests_java_304.txt,train
codecontests_java_306,codecontests_java_306.txt,train
codecontests_java_308,codecontests_java_308.txt,train
codecontests_java_309,codecontests_java_309.txt,train
codecontests_java_310,codecontests_java_310.txt,train
codecontests_java_312,codecontests_java_312.txt,train
codecontests_java_313,codecontests_java_313.txt,train
codecontests_java_315,codecontests_java_315.txt,train
codecontests_java_317,codecontests_java_317.txt,train
codecontests_java_318,codecontests_java_318.txt,test
codecontests_java_319,codecontests_java_319.txt,train
codecontests_java_32,codecontests_java_32.txt,train
codecontests_java_320,codecontests_java_320.txt,test
codecontests_java_321,codecontests_java_321.txt,train
codecontests_java_322,codecontests_java_322.txt,train
codecontests_java_323,codecontests_java_323.txt,train
codecontests_java_325,codecontests_java_325.txt,test
codecontests_java_326,codecontests_java_326.txt,train
codecontests_java_327,codecontests_java_327.txt,test
codecontests_java_328,codecontests_java_328.txt,test
codecontests_java_329,codecontests_java_329.txt,train
codecontests_java_33,codecontests_java_33.txt,train
codecontests_java_330,codecontests_java_330.txt,train
codecontests_java_331,codecontests_java_331.txt,train
codecontests_java_332,codecontests_java_332.txt,train
codecontests_java_333,codecontests_java_333.txt,train
codecontests_java_334,codecontests_java_334.txt,test
codecontests_java_336,codecontests_java_336.txt,train
codecontests_java_337,codecontests_java_337.txt,train
codecontests_java_339,codecontests_java_339.txt,train
codecontests_java_340,codecontests_java_340.txt,train
codecontests_java_341,codecontests_java_341.txt,train
codecontests_java_342,codecontests_java_342.txt,train
codecontests_java_343,codecontests_java_343.txt,train
codecontests_java_344,codecontests_java_344.txt,train
codecontests_java_345,codecontests_java_345.txt,test
codecontests_java_347,codecontests_java_347.txt,train
codecontests_java_348,codecontests_java_348.txt,train
codecontests_java_349,codecontests_java_349.txt,train
codecontests_java_35,codecontests_java_35.txt,train
codecontests_java_350,codecontests_java_350.txt,train
codecontests_java_353,codecontests_java_353.txt,train
codecontests_java_355,codecontests_java_355.txt,test
codecontests_java_356,codecontests_java_356.txt,train
codecontests_java_357,codecontests_java_357.txt,train
codecontests_java_358,codecontests_java_358.txt,train
codecontests_java_359,codecontests_java_359.txt,train
codecontests_java_36,codecontests_java_36.txt,train
codecontests_java_361,codecontests_java_361.txt,train
codecontests_java_362,codecontests_java_362.txt,test
codecontests_java_363,codecontests_java_363.txt,train
codecontests_java_364,codecontests_java_364.txt,train
codecontests_java_365,codecontests_java_365.txt,train
codecontests_java_366,codecontests_java_366.txt,train
codecontests_java_367,codecontests_java_367.txt,train
codecontests_java_368,codecontests_java_368.txt,test
codecontests_java_369,codecontests_java_369.txt,train
codecontests_java_37,codecontests_java_37.txt,train
codecontests_java_370,codecontests_java_370.txt,test
codecontests_java_371,codecontests_java_371.txt,test
codecontests_java_373,codecontests_java_373.txt,train
codecontests_java_374,codecontests_java_374.txt,train
codecontests_java_375,codecontests_java_375.txt,train
codecontests_java_376,codecontests_java_376.txt,train
codecontests_java_378,codecontests_java_378.txt,train
codecontests_java_379,codecontests_java_379.txt,train
codecontests_java_38,codecontests_java_38.txt,test
codecontests_java_380,codecontests_java_380.txt,train
codecontests_java_381,codecontests_java_381.txt,train
codecontests_java_382,codecontests_java_382.txt,train
codecontests_java_383,codecontests_java_383.txt,test
codecontests_java_384,codecontests_java_384.txt,train
codecontests_java_385,codecontests_java_385.txt,train
codecontests_java_386,codecontests_java_386.txt,test
codecontests_java_387,codecontests_java_387.txt,train
codecontests_java_389,codecontests_java_389.txt,train
codecontests_java_39,codecontests_java_39.txt,train
codecontests_java_390,codecontests_java_390.txt,train
codecontests_java_391,codecontests_java_391.txt,train
codecontests_java_392,codecontests_java_392.txt,train
codecontests_java_394,codecontests_java_394.txt,train
codecontests_java_395,codecontests_java_395.txt,test
codecontests_java_396,codecontests_java_396.txt,train
codecontests_java_397,codecontests_java_397.txt,train
codecontests_java_398,codecontests_java_398.txt,train
codecontests_java_399,codecontests_java_399.txt,train
codecontests_java_400,codecontests_java_400.txt,train
codecontests_java_401,codecontests_java_401.txt,train
codecontests_java_402,codecontests_java_402.txt,train
codecontests_java_406,codecontests_java_406.txt,train
codecontests_java_407,codecontests_java_407.txt,test
codecontests_java_408,codecontests_java_408.txt,train
codecontests_java_409,codecontests_java_409.txt,train
codecontests_java_41,codecontests_java_41.txt,train
codecontests_java_411,codecontests_java_411.txt,train
codecontests_java_412,codecontests_java_412.txt,train
codecontests_java_413,codecontests_java_413.txt,train
codecontests_java_414,codecontests_java_414.txt,train
codecontests_java_417,codecontests_java_417.txt,test
codecontests_java_418,codecontests_java_418.txt,test
codecontests_java_419,codecontests_java_419.txt,train
codecontests_java_42,codecontests_java_42.txt,test
codecontests_java_420,codecontests_java_420.txt,train
codecontests_java_421,codecontests_java_421.txt,train
codecontests_java_422,codecontests_java_422.txt,train
codecontests_java_423,codecontests_java_423.txt,train
codecontests_java_424,codecontests_java_424.txt,train
codecontests_java_425,codecontests_java_425.txt,train
codecontests_java_427,codecontests_java_427.txt,test
codecontests_java_428,codecontests_java_428.txt,train
codecontests_java_429,codecontests_java_429.txt,train
codecontests_java_43,codecontests_java_43.txt,train
codecontests_java_430,codecontests_java_430.txt,train
codecontests_java_431,codecontests_java_431.txt,train
codecontests_java_432,codecontests_java_432.txt,train
codecontests_java_433,codecontests_java_433.txt,train
codecontests_java_434,codecontests_java_434.txt,train
codecontests_java_435,codecontests_java_435.txt,train
codecontests_java_436,codecontests_java_436.txt,train
codecontests_java_437,codecontests_java_437.txt,train
codecontests_java_438,codecontests_java_438.txt,test
codecontests_java_439,codecontests_java_439.txt,test
codecontests_java_44,codecontests_java_44.txt,test
codecontests_java_440,codecontests_java_440.txt,train
codecontests_java_442,codecontests_java_442.txt,train
codecontests_java_444,codecontests_java_444.txt,train
codecontests_java_445,codecontests_java_445.txt,train
codecontests_java_446,codecontests_java_446.txt,test
codecontests_java_447,codecontests_java_447.txt,train
codecontests_java_448,codecontests_java_448.txt,train
codecontests_java_449,codecontests_java_449.txt,train
codecontests_java_45,codecontests_java_45.txt,train
codecontests_java_451,codecontests_java_451.txt,train
codecontests_java_452,codecontests_java_452.txt,train
codecontests_java_453,codecontests_java_453.txt,train
codecontests_java_454,codecontests_java_454.txt,train
codecontests_java_455,codecontests_java_455.txt,test
codecontests_java_456,codecontests_java_456.txt,train
codecontests_java_457,codecontests_java_457.txt,test
codecontests_java_458,codecontests_java_458.txt,train
codecontests_java_459,codecontests_java_459.txt,train
codecontests_java_46,codecontests_java_46.txt,train
codecontests_java_461,codecontests_java_461.txt,train
codecontests_java_462,codecontests_java_462.txt,train
codecontests_java_463,codecontests_java_463.txt,test
codecontests_java_464,codecontests_java_464.txt,train
codecontests_java_465,codecontests_java_465.txt,train
codecontests_java_466,codecontests_java_466.txt,train
codecontests_java_467,codecontests_java_467.txt,train
codecontests_java_468,codecontests_java_468.txt,train
codecontests_java_469,codecontests_java_469.txt,test
codecontests_java_47,codecontests_java_47.txt,train
codecontests_java_470,codecontests_java_470.txt,train
codecontests_java_471,codecontests_java_471.txt,train
codecontests_java_473,codecontests_java_473.txt,train
codecontests_java_476,codecontests_java_476.txt,train
codecontests_java_477,codecontests_java_477.txt,train
codecontests_java_479,codecontests_java_479.txt,train
codecontests_java_48,codecontests_java_48.txt,train
codecontests_java_481,codecontests_java_481.txt,train
codecontests_java_482,codecontests_java_482.txt,train
codecontests_java_483,codecontests_java_483.txt,train
codecontests_java_484,codecontests_java_484.txt,train
codecontests_java_485,codecontests_java_485.txt,train
codecontests_java_488,codecontests_java_488.txt,train
codecontests_java_489,codecontests_java_489.txt,test
codecontests_java_49,codecontests_java_49.txt,train
codecontests_java_491,codecontests_java_491.txt,train
codecontests_java_492,codecontests_java_492.txt,train
codecontests_java_493,codecontests_java_493.txt,train
codecontests_java_494,codecontests_java_494.txt,train
codecontests_java_495,codecontests_java_495.txt,train
codecontests_java_496,codecontests_java_496.txt,train
codecontests_java_498,codecontests_java_498.txt,train
codecontests_java_499,codecontests_java_499.txt,train
codecontests_java_5,codecontests_java_5.txt,train
codecontests_java_50,codecontests_java_50.txt,train
codecontests_java_500,codecontests_java_500.txt,train
codecontests_java_502,codecontests_java_502.txt,train
codecontests_java_503,codecontests_java_503.txt,train
codecontests_java_504,codecontests_java_504.txt,test
codecontests_java_505,codecontests_java_505.txt,train
codecontests_java_507,codecontests_java_507.txt,test
codecontests_java_508,codecontests_java_508.txt,train
codecontests_java_509,codecontests_java_509.txt,train
codecontests_java_51,codecontests_java_51.txt,train
codecontests_java_510,codecontests_java_510.txt,test
codecontests_java_512,codecontests_java_512.txt,test
codecontests_java_513,codecontests_java_513.txt,test
codecontests_java_514,codecontests_java_514.txt,train
codecontests_java_515,codecontests_java_515.txt,train
codecontests_java_516,codecontests_java_516.txt,train
codecontests_java_517,codecontests_java_517.txt,test
codecontests_java_518,codecontests_java_518.txt,train
codecontests_java_52,codecontests_java_52.txt,test
codecontests_java_520,codecontests_java_520.txt,train
codecontests_java_521,codecontests_java_521.txt,train
codecontests_java_522,codecontests_java_522.txt,train
codecontests_java_523,codecontests_java_523.txt,train
codecontests_java_524,codecontests_java_524.txt,train
codecontests_java_525,codecontests_java_525.txt,train
codecontests_java_526,codecontests_java_526.txt,train
codecontests_java_527,codecontests_java_527.txt,train
codecontests_java_528,codecontests_java_528.txt,train
codecontests_java_529,codecontests_java_529.txt,test
codecontests_java_53,codecontests_java_53.txt,train
codecontests_java_530,codecontests_java_530.txt,test
codecontests_java_531,codecontests_java_531.txt,train
codecontests_java_532,codecontests_java_532.txt,train
codecontests_java_533,codecontests_java_533.txt,train
codecontests_java_534,codecontests_java_534.txt,train
codecontests_java_535,codecontests_java_535.txt,train
codecontests_java_536,codecontests_java_536.txt,train
codecontests_java_54,codecontests_java_54.txt,train
codecontests_java_540,codecontests_java_540.txt,test
codecontests_java_541,codecontests_java_541.txt,train
codecontests_java_544,codecontests_java_544.txt,train
codecontests_java_545,codecontests_java_545.txt,train
codecontests_java_546,codecontests_java_546.txt,train
codecontests_java_547,codecontests_java_547.txt,train
codecontests_java_548,codecontests_java_548.txt,train
codecontests_java_55,codecontests_java_55.txt,train
codecontests_java_550,codecontests_java_550.txt,train
codecontests_java_551,codecontests_java_551.txt,test
codecontests_java_553,codecontests_java_553.txt,train
codecontests_java_554,codecontests_java_554.txt,train
codecontests_java_555,codecontests_java_555.txt,train
codecontests_java_556,codecontests_java_556.txt,train
codecontests_java_557,codecontests_java_557.txt,train
codecontests_java_558,codecontests_java_558.txt,train
codecontests_java_56,codecontests_java_56.txt,train
codecontests_java_561,codecontests_java_561.txt,train
codecontests_java_562,codecontests_java_562.txt,train
codecontests_java_563,codecontests_java_563.txt,train
codecontests_java_565,codecontests_java_565.txt,train
codecontests_java_566,codecontests_java_566.txt,train
codecontests_java_567,codecontests_java_567.txt,train
codecontests_java_57,codecontests_java_57.txt,train
codecontests_java_570,codecontests_java_570.txt,train
codecontests_java_571,codecontests_java_571.txt,train
codecontests_java_572,codecontests_java_572.txt,train
codecontests_java_573,codecontests_java_573.txt,train
codecontests_java_574,codecontests_java_574.txt,test
codecontests_java_575,codecontests_java_575.txt,train
codecontests_java_576,codecontests_java_576.txt,train
codecontests_java_577,codecontests_java_577.txt,train
codecontests_java_578,codecontests_java_578.txt,test
codecontests_java_579,codecontests_java_579.txt,test
codecontests_java_58,codecontests_java_58.txt,train
codecontests_java_580,codecontests_java_580.txt,train
codecontests_java_581,codecontests_java_581.txt,test
codecontests_java_582,codecontests_java_582.txt,train
codecontests_java_583,codecontests_java_583.txt,train
codecontests_java_584,codecontests_java_584.txt,train
codecontests_java_585,codecontests_java_585.txt,train
codecontests_java_587,codecontests_java_587.txt,train
codecontests_java_588,codecontests_java_588.txt,train
codecontests_java_589,codecontests_java_589.txt,train
codecontests_java_590,codecontests_java_590.txt,train
codecontests_java_591,codecontests_java_591.txt,train
codecontests_java_592,codecontests_java_592.txt,train
codecontests_java_593,codecontests_java_593.txt,train
codecontests_java_595,codecontests_java_595.txt,train
codecontests_java_596,codecontests_java_596.txt,train
codecontests_java_597,codecontests_java_597.txt,train
codecontests_java_598,codecontests_java_598.txt,train
codecontests_java_599,codecontests_java_599.txt,train
codecontests_java_6,codecontests_java_6.txt,train
codecontests_java_60,codecontests_java_60.txt,train
codecontests_java_602,codecontests_java_602.txt,train
codecontests_java_603,codecontests_java_603.txt,train
codecontests_java_605,codecontests_java_605.txt,train
codecontests_java_606,codecontests_java_606.txt,train
codecontests_java_607,codecontests_java_607.txt,train
codecontests_java_608,codecontests_java_608.txt,train
codecontests_java_609,codecontests_java_609.txt,train
codecontests_java_61,codecontests_java_61.txt,test
codecontests_java_610,codecontests_java_610.txt,train
codecontests_java_611,codecontests_java_611.txt,train
codecontests_java_612,codecontests_java_612.txt,train
codecontests_java_613,codecontests_java_613.txt,train
codecontests_java_614,codecontests_java_614.txt,test
codecontests_java_615,codecontests_java_615.txt,train
codecontests_java_616,codecontests_java_616.txt,train
codecontests_java_617,codecontests_java_617.txt,test
codecontests_java_618,codecontests_java_618.txt,test
codecontests_java_62,codecontests_java_62.txt,test
codecontests_java_620,codecontests_java_620.txt,train
codecontests_java_622,codecontests_java_622.txt,train
codecontests_java_623,codecontests_java_623.txt,train
codecontests_java_624,codecontests_java_624.txt,train
codecontests_java_626,codecontests_java_626.txt,train
codecontests_java_627,codecontests_java_627.txt,train
codecontests_java_628,codecontests_java_628.txt,train
codecontests_java_629,codecontests_java_629.txt,train
codecontests_java_63,codecontests_java_63.txt,train
codecontests_java_64,codecontests_java_64.txt,train
codecontests_java_65,codecontests_java_65.txt,train
codecontests_java_66,codecontests_java_66.txt,train
codecontests_java_7,codecontests_java_7.txt,train
codecontests_java_70,codecontests_java_70.txt,train
codecontests_java_72,codecontests_java_72.txt,train
codecontests_java_73,codecontests_java_73.txt,train
codecontests_java_74,codecontests_java_74.txt,train
codecontests_java_77,codecontests_java_77.txt,test
codecontests_java_79,codecontests_java_79.txt,test
codecontests_java_80,codecontests_java_80.txt,train
codecontests_java_81,codecontests_java_81.txt,train
codecontests_java_82,codecontests_java_82.txt,train
codecontests_java_83,codecontests_java_83.txt,train
codecontests_java_84,codecontests_java_84.txt,train
codecontests_java_85,codecontests_java_85.txt,train
codecontests_java_87,codecontests_java_87.txt,train
codecontests_java_88,codecontests_java_88.txt,test
codecontests_java_89,codecontests_java_89.txt,train
codecontests_java_9,codecontests_java_9.txt,train
codecontests_java_90,codecontests_java_90.txt,train
codecontests_java_91,codecontests_java_91.txt,train
codecontests_java_92,codecontests_java_92.txt,test
codecontests_java_93,codecontests_java_93.txt,train
codecontests_java_94,codecontests_java_94.txt,test
codecontests_java_95,codecontests_java_95.txt,train
codecontests_java_96,codecontests_java_96.txt,train
codecontests_java_98,codecontests_java_98.txt,train
codecontests_java_99,codecontests_java_99.txt,test
humaneval_python_100,humaneval_python_100.txt,train
humaneval_python_109,humaneval_python_109.txt,train
humaneval_python_11,humaneval_python_11.txt,train
humaneval_python_112,humaneval_python_112.txt,train
humaneval_python_115,humaneval_python_115.txt,test
humaneval_python_116,humaneval_python_116.txt,test
humaneval_python_119,humaneval_python_119.txt,train
humaneval_python_120,humaneval_python_120.txt,train
humaneval_python_121,humaneval_python_121.txt,test
humaneval_python_125,humaneval_python_125.txt,train
humaneval_python_130,humaneval_python_130.txt,train
humaneval_python_131,humaneval_python_131.txt,test
humaneval_python_137,humaneval_python_137.txt,train
humaneval_python_139,humaneval_python_139.txt,train
humaneval_python_148,humaneval_python_148.txt,test
humaneval_python_149,humaneval_python_149.txt,train
humaneval_python_151,humaneval_python_151.txt,train
humaneval_python_154,humaneval_python_154.txt,train
humaneval_python_161,humaneval_python_161.txt,test
humaneval_python_18,humaneval_python_18.txt,train
humaneval_python_21,humaneval_python_21.txt,train
humaneval_python_26,humaneval_python_26.txt,train
humaneval_python_33,humaneval_python_33.txt,train
humaneval_python_39,humaneval_python_39.txt,train
humaneval_python_41,humaneval_python_41.txt,train
humaneval_python_42,humaneval_python_42.txt,train
humaneval_python_44,humaneval_python_44.txt,train
humaneval_python_47,humaneval_python_47.txt,train
humaneval_python_60,humaneval_python_60.txt,train
humaneval_python_64,humaneval_python_64.txt,train
humaneval_python_74,humaneval_python_74.txt,test
humaneval_python_76,humaneval_python_76.txt,train
humaneval_python_78,humaneval_python_78.txt,train
humaneval_python_84,humaneval_python_84.txt,train
humaneval_python_85,humaneval_python_85.txt,train
humaneval_python_97,humaneval_python_97.txt,train
mbpp_python_103,mbpp_python_103.txt,train
mbpp_python_11,mbpp_python_11.txt,test
mbpp_python_112,mbpp_python_112.txt,train
mbpp_python_115,mbpp_python_115.txt,train
mbpp_python_117,mbpp_python_117.txt,train
mbpp_python_130,mbpp_python_130.txt,test
mbpp_python_133,mbpp_python_133.txt,test
mbpp_python_140,mbpp_python_140.txt,train
mbpp_python_144,mbpp_python_144.txt,train
mbpp_python_147,mbpp_python_147.txt,train
mbpp_python_148,mbpp_python_148.txt,train
mbpp_python_149,mbpp_python_149.txt,train
mbpp_python_165,mbpp_python_165.txt,train
mbpp_python_167,mbpp_python_167.txt,train
mbpp_python_17,mbpp_python_17.txt,train
mbpp_python_175,mbpp_python_175.txt,train
mbpp_python_177,mbpp_python_177.txt,train
mbpp_python_185,mbpp_python_185.txt,train
mbpp_python_194,mbpp_python_194.txt,train
mbpp_python_204,mbpp_python_204.txt,train
mbpp_python_221,mbpp_python_221.txt,test
mbpp_python_224,mbpp_python_224.txt,train
mbpp_python_230,mbpp_python_230.txt,train
mbpp_python_245,mbpp_python_245.txt,train
mbpp_python_271,mbpp_python_271.txt,train
mbpp_python_273,mbpp_python_273.txt,train
mbpp_python_276,mbpp_python_276.txt,train
mbpp_python_281,mbpp_python_281.txt,train
mbpp_python_285,mbpp_python_285.txt,train
mbpp_python_291,mbpp_python_291.txt,test
mbpp_python_299,mbpp_python_299.txt,train
mbpp_python_305,mbpp_python_305.txt,train
mbpp_python_308,mbpp_python_308.txt,train
mbpp_python_32,mbpp_python_32.txt,train
mbpp_python_321,mbpp_python_321.txt,test
mbpp_python_325,mbpp_python_325.txt,train
mbpp_python_327,mbpp_python_327.txt,train
mbpp_python_335,mbpp_python_335.txt,train
mbpp_python_36,mbpp_python_36.txt,test
mbpp_python_364,mbpp_python_364.txt,train
mbpp_python_399,mbpp_python_399.txt,test
mbpp_python_4,mbpp_python_4.txt,train
mbpp_python_406,mbpp_python_406.txt,train
mbpp_python_408,mbpp_python_408.txt,train
mbpp_python_416,mbpp_python_416.txt,train
mbpp_python_418,mbpp_python_418.txt,test
mbpp_python_419,mbpp_python_419.txt,test
mbpp_python_42,mbpp_python_42.txt,train
mbpp_python_420,mbpp_python_420.txt,train
mbpp_python_421,mbpp_python_421.txt,train
mbpp_python_422,mbpp_python_422.txt,train
mbpp_python_423,mbpp_python_423.txt,train
mbpp_python_424,mbpp_python_424.txt,train
mbpp_python_425,mbpp_python_425.txt,train
mbpp_python_428,mbpp_python_428.txt,train
mbpp_python_430,mbpp_python_430.txt,train
mbpp_python_433,mbpp_python_433.txt,train
mbpp_python_434,mbpp_python_434.txt,train
mbpp_python_437,mbpp_python_437.txt,train
mbpp_python_438,mbpp_python_438.txt,train
mbpp_python_440,mbpp_python_440.txt,train
mbpp_python_442,mbpp_python_442.txt,train
mbpp_python_443,mbpp_python_443.txt,test
mbpp_python_444,mbpp_python_444.txt,train
mbpp_python_445,mbpp_python_445.txt,train
mbpp_python_446,mbpp_python_446.txt,train
mbpp_python_448,mbpp_python_448.txt,train
mbpp_python_449,mbpp_python_449.txt,test
mbpp_python_450,mbpp_python_450.txt,train
mbpp_python_451,mbpp_python_451.txt,test
mbpp_python_453,mbpp_python_453.txt,train
mbpp_python_455,mbpp_python_455.txt,train
mbpp_python_456,mbpp_python_456.txt,train
mbpp_python_457,mbpp_python_457.txt,train
mbpp_python_459,mbpp_python_459.txt,train
mbpp_python_460,mbpp_python_460.txt,train
mbpp_python_54,mbpp_python_54.txt,train
mbpp_python_55,mbpp_python_55.txt,train
mbpp_python_61,mbpp_python_61.txt,train
mbpp_python_79,mbpp_python_79.txt,train
mbpp_python_81,mbpp_python_81.txt,test
mbpp_python_96,mbpp_python_96.txt,test
