layer,feature_idx,category,train_kappa,train_abs_kappa,heldout_kappa,heldout_abs_kappa,train_delta,heldout_delta,beta,train_active_rate_clean,train_active_rate_corrupt,heldout_active_rate_clean,heldout_active_rate_corrupt
32,32098,corrupt,1.4666223526000977,1.4666223526000977,1.466134786605835,1.466134786605835,-13.371193885803223,-13.366748809814453,-0.10968521982431412,0.4399999976158142,1.0,0.4099999964237213,1.0
30,8685,corrupt,0.5218087434768677,0.5218087434768677,0.5299023389816284,0.5299023389816284,-5.4984211921691895,-5.583705425262451,-0.09490156173706055,0.009999999776482582,1.0,0.029999999329447746,1.0
31,17923,corrupt,0.3513438403606415,0.3513438403606415,0.3548049032688141,0.3548049032688141,-8.788290977478027,-8.874863624572754,-0.03997863084077835,0.8500000238418579,1.0,0.7699999809265137,1.0
30,20067,corrupt,0.3452472388744354,0.3452472388744354,0.3527817726135254,0.3527817726135254,-4.795997619628906,-4.900663375854492,-0.07198653370141983,0.6000000238418579,1.0,0.6333333253860474,1.0
32,18211,corrupt,0.2532951533794403,0.2532951533794403,0.2618824243545532,0.2618824243545532,-3.451240062713623,-3.5682449340820312,-0.07339250296354294,0.36000001430511475,1.0,0.2966666519641876,1.0
32,44689,corrupt,0.24965880811214447,0.24965880811214447,0.25538745522499084,0.25538745522499084,-3.533348560333252,-3.614424228668213,-0.07065784931182861,0.9100000262260437,1.0,0.9100000262260437,1.0
31,13702,corrupt,0.2207876443862915,0.2207876443862915,0.221390038728714,0.221390038728714,-4.533671855926514,-4.546041488647461,-0.0486995205283165,0.0,1.0,0.0,1.0
31,49788,corrupt,0.21472883224487305,0.21472883224487305,0.21017581224441528,0.21017581224441528,-1.177601933479309,-1.1526325941085815,-0.18234415352344513,0.004999999888241291,0.800000011920929,0.0,0.846666693687439
32,11387,corrupt,0.21368491649627686,0.21368491649627686,0.2151779979467392,0.2151779979467392,-4.03325891494751,-4.061440467834473,-0.052980709820985794,0.6399999856948853,1.0,0.6299999952316284,1.0
32,17300,corrupt,0.21341583132743835,0.21341583132743835,0.21848268806934357,0.21848268806934357,-4.849787712097168,-4.964930057525635,-0.04400518909096718,0.5049999952316284,1.0,0.47333332896232605,1.0
32,32293,corrupt,0.20400358736515045,0.20400358736515045,0.19935235381126404,0.19935235381126404,-2.0385546684265137,-1.99207603931427,-0.10007265955209732,0.0,1.0,0.0,1.0
31,2303,corrupt,0.19568586349487305,0.19568586349487305,0.19591954350471497,0.19591954350471497,-3.6416406631469727,-3.645989418029785,-0.053735632449388504,1.0,1.0,1.0,1.0
31,32604,corrupt,0.1892346888780594,0.1892346888780594,0.19037757813930511,0.19037757813930511,-4.1274518966674805,-4.152379512786865,-0.045847825706005096,0.20499999821186066,1.0,0.20999999344348907,1.0
32,12338,corrupt,0.1831454038619995,0.1831454038619995,0.1750022917985916,0.1750022917985916,-4.24428129196167,-4.055569648742676,-0.04315109923481941,0.054999999701976776,1.0,0.036666665226221085,1.0
31,37707,corrupt,0.17540793120861053,0.17540793120861053,0.1770557314157486,0.1770557314157486,-2.6586573123931885,-2.6836328506469727,-0.06597613543272018,0.0,1.0,0.0,0.9933333396911621
32,39233,corrupt,0.16631779074668884,0.16631779074668884,0.16600152850151062,0.16600152850151062,-3.1500000953674316,-3.144010305404663,-0.052799295634031296,0.0,1.0,0.0,1.0
31,54952,corrupt,0.16370905935764313,0.16370905935764313,0.16905269026756287,0.16905269026756287,-3.105771541595459,-3.2071471214294434,-0.05271123722195625,1.0,1.0,1.0,1.0
31,15495,corrupt,0.16282014548778534,0.16282014548778534,0.16072878241539001,0.16072878241539001,-2.133115291595459,-2.1057162284851074,-0.07632974535226822,0.0,1.0,0.0,1.0
31,11378,corrupt,0.13543300330638885,0.13543300330638885,0.13359546661376953,0.13359546661376953,-2.781172037124634,-2.7434375286102295,-0.048696376383304596,1.0,1.0,1.0,1.0
31,44929,corrupt,0.1246604323387146,0.1246604323387146,0.1309676170349121,0.1309676170349121,-2.9404590129852295,-3.089231491088867,-0.042394887655973434,0.6850000023841858,1.0,0.6200000047683716,1.0
32,34479,clean,1.226436734199524,1.226436734199524,1.261029839515686,1.261029839515686,10.531641006469727,10.828699111938477,0.11645257472991943,1.0,1.0,1.0,1.0
32,27663,clean,0.9104714393615723,0.9104714393615723,0.9306216239929199,0.9306216239929199,11.478067398071289,11.732095718383789,0.0793227106332779,1.0,0.7149999737739563,1.0,0.7833333611488342
32,12849,clean,0.6710745096206665,0.6710745096206665,0.6792429089546204,0.6792429089546204,9.670312881469727,9.788021087646484,0.06939532607793808,1.0,0.0,1.0,0.0
32,54673,clean,0.5349563956260681,0.5349563956260681,0.5435004830360413,0.5435004830360413,6.45680570602417,6.559930324554443,0.08285155892372131,1.0,0.4350000023841858,1.0,0.4566666781902313
29,63327,clean,0.45288944244384766,0.45288944244384766,0.4533398449420929,0.4533398449420929,9.750308990478516,9.760005950927734,0.0464487262070179,1.0,0.6399999856948853,1.0,0.6833333373069763
30,60639,clean,0.4218619763851166,0.4218619763851166,0.41260987520217896,0.41260987520217896,5.135136604309082,5.022514820098877,0.08215204626321793,1.0,0.9700000286102295,1.0,0.9866666793823242
32,7940,clean,0.3783828020095825,0.3783828020095825,0.37967538833618164,0.37967538833618164,9.91031265258789,9.944167137145996,0.03818071261048317,1.0,1.0,1.0,1.0
30,23302,clean,0.2762714922428131,0.2762714922428131,0.26191309094429016,0.26191309094429016,1.8494529724121094,1.7533330917358398,0.14938011765480042,1.0,1.0,1.0,1.0
30,20550,clean,0.26896706223487854,0.26896706223487854,0.26759108901023865,0.26759108901023865,5.62000036239624,5.591249942779541,0.04785890504717827,1.0,1.0,1.0,1.0
32,6072,clean,0.2063629925251007,0.2063629925251007,0.20171909034252167,0.20171909034252167,7.232656478881836,7.0698957443237305,0.0285321157425642,1.0,1.0,1.0,1.0
31,54615,clean,0.17855173349380493,0.17855173349380493,0.17806436121463776,0.17806436121463776,3.295565128326416,3.286569595336914,0.054179396480321884,1.0,0.9800000190734863,1.0,0.9733333587646484
30,40899,clean,0.1778889000415802,0.1778889000415802,0.17925624549388885,0.17925624549388885,5.2037506103515625,5.243749618530273,0.03418474644422531,1.0,1.0,1.0,1.0
31,53904,clean,0.1647503674030304,0.1647503674030304,0.15036866068840027,0.15036866068840027,3.2102856636047363,2.9300472736358643,0.051319535821676254,0.9900000095367432,0.17499999701976776,0.9733333587646484,0.1599999964237213
32,29388,clean,0.15525662899017334,0.15525662899017334,0.15214569866657257,0.15214569866657257,3.640099287033081,3.5671613216400146,0.04265175759792328,1.0,0.009999999776482582,1.0,0.0033333334140479565
32,54219,clean,0.15462109446525574,0.15462109446525574,0.14971435070037842,0.14971435070037842,4.276976108551025,4.1412506103515625,0.03615196421742439,1.0,0.10499999672174454,1.0,0.16333332657814026
32,53624,clean,0.1532052457332611,0.1532052457332611,0.16514736413955688,0.16514736413955688,1.6179172992706299,1.744031548500061,0.09469287842512131,1.0,1.0,1.0,0.9933333396911621
32,59614,clean,0.1529572755098343,0.1529572755098343,0.1518467664718628,0.1518467664718628,3.8947649002075195,3.866487741470337,0.03927253186702728,1.0,0.17000000178813934,1.0,0.1666666716337204
30,23613,clean,0.15281260013580322,0.15281260013580322,0.14660029113292694,0.14660029113292694,3.3199121952056885,3.1849474906921387,0.04602910950779915,1.0,0.46000000834465027,1.0,0.44333332777023315
32,10997,clean,0.141267791390419,0.141267791390419,0.1406802237033844,0.1406802237033844,12.102264404296875,12.05192756652832,0.011672839522361755,1.0,1.0,1.0,1.0
32,55230,clean,0.12144336104393005,0.12144336104393005,0.12203775346279144,0.12203775346279144,4.180048942565918,4.200507640838623,0.02905309572815895,1.0,1.0,1.0,1.0
