layer,feature_idx,category,selection_group,train_delta,heldout_delta,beta_mu,train_kappa,heldout_kappa,train_abs_kappa,heldout_abs_kappa,train_active_rate_clean,train_active_rate_corrupt,heldout_active_rate_clean,heldout_active_rate_corrupt,train_consistency
28,56298,suppressor,suppressor_top20,-6.515693187713623,-6.197844982147217,-0.22644168138504028,1.4754245281219482,1.4034504890441895,1.4754245281219482,1.4034504890441895,0.33000001311302185,1.0,0.3033333420753479,0.996666669845581,1.0
28,46322,suppressor,suppressor_top20,-2.306699752807617,-2.188241481781006,-0.05253570154309273,0.1211840882897377,0.11496080458164215,0.1211840882897377,0.11496080458164215,0.8299999833106995,1.0,0.8666666746139526,1.0,1.0
28,64542,suppressor,suppressor_top20,-2.297858953475952,-2.2639925479888916,-0.02633730135858059,0.06051940470933914,0.05962745472788811,0.06051940470933914,0.05962745472788811,0.8450000286102295,1.0,0.8266666531562805,1.0,1.0
28,62910,suppressor,suppressor_top20,-1.5138684511184692,-1.424788475036621,-0.034173864871263504,0.05173473432660103,0.04869052767753601,0.05173473432660103,0.04869052767753601,0.9900000095367432,1.0,0.9933333396911621,1.0,1.0
28,46123,suppressor,suppressor_top20,-1.5981210470199585,-1.4861093759536743,-0.027414634823799133,0.04381190612912178,0.040741145610809326,0.04381190612912178,0.040741145610809326,0.3700000047683716,1.0,0.4399999976158142,1.0,1.0
28,56993,suppressor,suppressor_top20,-1.7393677234649658,-1.6551661491394043,-0.023902151733636856,0.0415746308863163,0.039562031626701355,0.0415746308863163,0.039562031626701355,0.2849999964237213,1.0,0.3199999928474426,1.0,1.0
28,46687,suppressor,suppressor_top20,-1.1308730840682983,-1.1259400844573975,-0.03455965965986252,0.039082590490579605,0.038912106305360794,0.039082590490579605,0.038912106305360794,0.28999999165534973,0.925000011920929,0.273333340883255,0.9333333373069763,0.8999999761581421
28,26720,suppressor,suppressor_top20,-1.6438171863555908,-1.6165130138397217,-0.01585082896053791,0.026055864989757538,0.025623071938753128,0.026055864989757538,0.025623071938753128,0.33500000834465027,0.9599999785423279,0.4033333361148834,0.9300000071525574,0.8949999809265137
28,30485,suppressor,suppressor_top20,-0.7209791541099548,-0.6537975668907166,-0.03607161343097687,0.026006881147623062,0.023583533242344856,0.026006881147623062,0.023583533242344856,0.75,1.0,0.653333306312561,0.9933333396911621,0.9950000047683716
28,26607,suppressor,suppressor_top20,-1.5562591552734375,-1.636601209640503,-0.014813984744250774,0.023054398596286774,0.024244586005806923,0.023054398596286774,0.024244586005806923,0.17499999701976776,0.9800000190734863,0.20999999344348907,0.9866666793823242,0.9750000238418579
28,57424,suppressor,suppressor_top20,-0.9837303161621094,-0.814739465713501,-0.02174665778875351,0.02139284648001194,0.017717860639095306,0.02139284648001194,0.017717860639095306,1.0,1.0,1.0,1.0,0.9150000214576721
28,8353,suppressor,suppressor_top20,-0.8789265155792236,-0.9521814584732056,-0.023427540436387062,0.02059108577668667,0.022307269275188446,0.02059108577668667,0.022307269275188446,0.45500001311302185,0.9750000238418579,0.4466666579246521,0.9900000095367432,0.9150000214576721
28,14241,suppressor,suppressor_top20,-0.30159345269203186,-0.23483094573020935,-0.06218287721276283,0.01875394955277443,0.014602463692426682,0.01875394955277443,0.014602463692426682,0.35499998927116394,0.875,0.4266666769981384,0.8333333134651184,0.8399999737739563
28,47921,suppressor,suppressor_top20,-0.5427393913269043,-0.5467875599861145,-0.02954581379890442,0.01603567786514759,0.016155283898115158,0.01603567786514759,0.016155283898115158,0.8199999928474426,1.0,0.8533333539962769,1.0,0.9900000095367432
28,62259,suppressor,suppressor_top20,-0.7270220518112183,-0.6812215447425842,-0.021753856912255287,0.015815533697605133,0.014819196425378323,0.015815533697605133,0.014819196425378323,0.5249999761581421,1.0,0.5566666722297668,1.0,1.0
28,14792,suppressor,suppressor_top20,-0.3407491147518158,-0.33020538091659546,-0.04606862738728523,0.015697844326496124,0.015212108381092548,0.015697844326496124,0.015212108381092548,0.1899999976158142,0.9200000166893005,0.12999999523162842,0.9233333468437195,0.8899999856948853
28,45022,suppressor,suppressor_top20,-0.5879846215248108,-0.5436126589775085,-0.02545291557908058,0.014965922571718693,0.013836527243256569,0.014965922571718693,0.013836527243256569,0.05999999865889549,1.0,0.05666666850447655,1.0,0.9950000047683716
28,10360,suppressor,suppressor_top20,-0.36603203415870667,-0.332887202501297,-0.040052756667137146,0.014660592190921307,0.013333050534129143,0.014660592190921307,0.013333050534129143,0.8999999761581421,1.0,0.8899999856948853,1.0,0.925000011920929
28,24989,suppressor,suppressor_top20,-0.4870782494544983,-0.4712849259376526,-0.029777592048048973,0.014504017308354378,0.014033730141818523,0.014504017308354378,0.014033730141818523,0.10999999940395355,1.0,0.09666666388511658,1.0,1.0
28,26541,suppressor,suppressor_top20,-0.45150327682495117,-0.38000690937042236,-0.031986646354198456,0.014442075975239277,0.012155146338045597,0.014442075975239277,0.012155146338045597,0.05000000074505806,0.9549999833106995,0.01666666753590107,0.9266666769981384,0.9549999833106995
28,58519,driver,driver_top20,4.900814533233643,4.813589572906494,0.0787481814622879,0.38593024015426636,0.37906143069267273,0.38593024015426636,0.37906143069267273,1.0,0.4350000023841858,1.0,0.46666666865348816,1.0
28,33764,driver,driver_top20,3.1769042015075684,3.259660243988037,0.05015679448843002,0.15934333205223083,0.16349411010742188,0.15934333205223083,0.16349411010742188,0.9900000095367432,0.36000001430511475,1.0,0.476666659116745,0.9900000095367432
28,54452,driver,driver_top20,2.662567615509033,2.522569417953491,0.056816283613443375,0.15127719938755035,0.14332301914691925,0.15127719938755035,0.14332301914691925,1.0,0.9350000023841858,1.0,0.9133333563804626,0.9950000047683716
28,64636,driver,driver_top20,3.089804172515869,2.935861349105835,0.016454193741083145,0.050840236246585846,0.048307232558727264,0.050840236246585846,0.048307232558727264,1.0,0.5899999737739563,1.0,0.6866666674613953,0.9900000095367432
28,36002,driver,driver_top20,2.5371623039245605,2.6013917922973633,0.019844956696033478,0.050349876284599304,0.05162450671195984,0.050349876284599304,0.05162450671195984,1.0,0.5149999856948853,1.0,0.5866666436195374,1.0
28,3062,driver,driver_top20,1.2856967449188232,1.133345365524292,0.03855331987142563,0.04956787824630737,0.04369422793388367,0.04956787824630737,0.04369422793388367,0.9599999785423279,0.8700000047683716,0.9100000262260437,0.8899999856948853,0.8600000143051147
28,23743,driver,driver_top20,0.7417683601379395,0.6287283897399902,0.053640227764844894,0.0397886224091053,0.033725135028362274,0.0397886224091053,0.033725135028362274,0.9800000190734863,0.5649999976158142,0.9800000190734863,0.5833333134651184,0.8199999928474426
28,46921,driver,driver_top20,2.2369918823242188,2.1732754707336426,0.015307850204408169,0.03424353525042534,0.03326817601919174,0.03424353525042534,0.03326817601919174,1.0,0.925000011920929,1.0,0.9266666769981384,0.9950000047683716
28,41476,driver,driver_top20,1.1914312839508057,1.165517807006836,0.027784472331404686,0.03310329094529152,0.03238329663872719,0.03310329094529152,0.03238329663872719,0.9950000047683716,0.4650000035762787,0.996666669845581,0.6100000143051147,0.9700000286102295
28,59403,driver,driver_top20,1.0533969402313232,1.0009247064590454,0.029718732461333275,0.031305622309446335,0.02974621392786503,0.031305622309446335,0.02974621392786503,0.9850000143051147,0.8149999976158142,0.9933333396911621,0.7900000214576721,0.9850000143051147
28,17958,driver,driver_top20,0.9111046195030212,0.8225630521774292,0.03261586278676987,0.02971646375954151,0.026828603819012642,0.02971646375954151,0.026828603819012642,1.0,0.7149999737739563,1.0,0.8366666436195374,0.9750000238418579
28,9736,driver,driver_top20,1.4043946266174316,1.4391475915908813,0.019726118072867393,0.02770325355231762,0.028388794511556625,0.02770325355231762,0.028388794511556625,1.0,0.2849999964237213,1.0,0.40666666626930237,1.0
28,49328,driver,driver_top20,0.6144371032714844,0.5655721426010132,0.044931791722774506,0.027607759460806847,0.025412170216441154,0.027607759460806847,0.025412170216441154,1.0,0.8349999785423279,1.0,0.9333333373069763,0.9850000143051147
28,32890,driver,driver_top20,1.3941004276275635,1.3664476871490479,0.018826080486178398,0.026245446875691414,0.025724854320287704,0.026245446875691414,0.025724854320287704,1.0,0.029999999329447746,1.0,0.06333333253860474,1.0
28,29255,driver,driver_top20,2.312134265899658,2.3385581970214844,0.011166044510900974,0.025817394256591797,0.026112444698810577,0.025817394256591797,0.026112444698810577,1.0,0.35499998927116394,1.0,0.4933333396911621,1.0
28,48465,driver,driver_top20,0.6904826164245605,0.649670422077179,0.037155911326408386,0.025655511766672134,0.024139096960425377,0.025655511766672134,0.024139096960425377,0.9950000047683716,0.45500001311302185,0.996666669845581,0.5366666913032532,0.9850000143051147
28,43542,driver,driver_top20,0.687937319278717,0.6871230602264404,0.03407973423600197,0.02344472147524357,0.023416971787810326,0.02344472147524357,0.023416971787810326,1.0,0.9649999737739563,1.0,0.9133333563804626,0.9950000047683716
28,60875,driver,driver_top20,0.6981399059295654,0.6454298496246338,0.033080607652664185,0.023094892501831055,0.02135121077299118,0.023094892501831055,0.02135121077299118,0.9950000047683716,0.45500001311302185,1.0,0.49666666984558105,0.9950000047683716
28,23585,driver,driver_top20,0.7602681517601013,0.7052743434906006,0.029027463868260384,0.022068656980991364,0.020472325384616852,0.022068656980991364,0.020472325384616852,1.0,0.7250000238418579,1.0,0.7099999785423279,1.0
28,38707,driver,driver_top20,0.935294508934021,0.8679219484329224,0.023319028317928314,0.02181015908718109,0.020239096134901047,0.02181015908718109,0.020239096134901047,0.949999988079071,0.019999999552965164,0.9599999785423279,0.029999999329447746,0.949999988079071
28,58363,random_layer_matched,random_layer_matched,-0.4245220422744751,-0.34420639276504517,-0.0070659262128174305,0.002999641466885805,0.002432137029245496,0.002999641466885805,0.002432137029245496,0.39500001072883606,0.925000011920929,0.3799999952316284,0.9066666960716248,0.9100000262260437
28,15433,random_layer_matched,random_layer_matched,-0.21965575218200684,-0.21258831024169922,-0.008543126285076141,0.0018765468848869205,0.0018161687767133117,0.0018765468848869205,0.0018161687767133117,0.9700000286102295,1.0,0.9866666793823242,0.996666669845581,0.824999988079071
28,37857,random_layer_matched,random_layer_matched,-0.2857203483581543,-0.23701342940330505,-0.026375101879239082,0.007535903248935938,0.006251253187656403,0.007535903248935938,0.006251253187656403,0.8849999904632568,1.0,0.9233333468437195,1.0,0.9049999713897705
28,1762,random_layer_matched,random_layer_matched,-0.3015768527984619,-0.2835181951522827,-0.009156428277492523,0.0027613667771220207,0.0025960139464586973,0.0027613667771220207,0.0025960139464586973,0.9649999737739563,1.0,0.9833333492279053,1.0,0.8999999761581421
28,13475,random_layer_matched,random_layer_matched,-0.32380980253219604,-0.2763637602329254,-0.009652912616729736,0.003125707618892193,0.0026677153073251247,0.003125707618892193,0.0026677153073251247,0.009999999776482582,0.9200000166893005,0.009999999776482582,0.9233333468437195,0.9200000166893005
28,14293,random_layer_matched,random_layer_matched,-0.28048691153526306,-0.27168306708335876,-0.010767823085188866,0.0030202334746718407,0.0029254353139549494,0.0030202334746718407,0.0029254353139549494,0.2849999964237213,0.8949999809265137,0.23999999463558197,0.8833333253860474,0.8849999904632568
28,20802,random_layer_matched,random_layer_matched,-0.3268278241157532,-0.32345131039619446,-0.014191806316375732,0.004638276994228363,0.00459035811945796,0.004638276994228363,0.00459035811945796,0.2800000011920929,0.9750000238418579,0.2800000011920929,0.9866666793823242,0.9599999785423279
28,58511,random_layer_matched,random_layer_matched,-0.3860996961593628,-0.3335157632827759,-0.0008097021491266787,0.00031262575066648424,0.0002700484183151275,0.00031262575066648424,0.0002700484183151275,0.824999988079071,1.0,0.800000011920929,0.9933333396911621,0.9700000286102295
28,43338,random_layer_matched,random_layer_matched,-0.2071027010679245,-0.21693956851959229,-0.030199483036994934,0.006254394538700581,0.0065514626912772655,0.006254394538700581,0.0065514626912772655,0.009999999776482582,0.7799999713897705,0.006666666828095913,0.7866666913032532,0.7799999713897705
28,32645,random_layer_matched,random_layer_matched,-0.5911178588867188,-0.5527449250221252,-0.02214316837489605,0.013089221902191639,0.01223952416330576,0.013089221902191639,0.01223952416330576,0.04500000178813934,1.0,0.036666665226221085,0.996666669845581,1.0
28,16984,random_layer_matched,random_layer_matched,-0.2505742609500885,-0.22291237115859985,-0.031038323417305946,0.007777404971420765,0.006918826140463352,0.007777404971420765,0.006918826140463352,0.10499999672174454,0.8849999904632568,0.20000000298023224,0.8299999833106995,0.8849999904632568
28,20362,random_layer_matched,random_layer_matched,-0.3555978834629059,-0.32517197728157043,-0.008626066148281097,0.003067410783842206,0.0028049550019204617,0.003067410783842206,0.0028049550019204617,0.2199999988079071,0.9950000047683716,0.2199999988079071,0.996666669845581,0.9900000095367432
28,7173,random_layer_matched,random_layer_matched,-0.5571666955947876,-0.5221930146217346,-0.02417587861418724,0.013469994068145752,0.012624475173652172,0.013469994068145752,0.012624475173652172,1.0,1.0,0.9900000095367432,1.0,0.9850000143051147
28,20899,random_layer_matched,random_layer_matched,-0.28547346591949463,-0.2695900499820709,-0.020308665931224823,0.0057975854724645615,0.0054750144481658936,0.0057975854724645615,0.0054750144481658936,0.800000011920929,0.9950000047683716,0.8700000047683716,1.0,0.8199999928474426
28,60494,random_layer_matched,random_layer_matched,-0.507011890411377,-0.49996042251586914,-0.008823433890938759,0.004473586101084948,0.004411367699503899,0.004473586101084948,0.004411367699503899,0.7649999856948853,1.0,0.8100000023841858,1.0,0.9900000095367432
28,61434,random_layer_matched,random_layer_matched,-0.2423260509967804,-0.21137244999408722,-0.009476961567997932,0.0022965145763009787,0.002003168687224388,0.0022965145763009787,0.002003168687224388,0.0,0.7900000214576721,0.019999999552965164,0.7066666483879089,0.7900000214576721
28,12935,random_layer_matched,random_layer_matched,-0.21414214372634888,-0.16796621680259705,-0.006064107641577721,0.0012985810171812773,0.00101856526453048,0.0012985810171812773,0.00101856526453048,0.15000000596046448,0.800000011920929,0.1133333370089531,0.6933333277702332,0.800000011920929
28,23239,random_layer_matched,random_layer_matched,-0.609241783618927,-0.6054484248161316,-0.012922878377139568,0.007873157039284706,0.007824135944247246,0.007873157039284706,0.007824135944247246,0.5049999952316284,1.0,0.4166666567325592,1.0,1.0
28,6889,random_layer_matched,random_layer_matched,-0.18860141932964325,-0.21797578036785126,-0.003558037569746375,0.0006710509187541902,0.0007755660335533321,0.0006710509187541902,0.0007755660335533321,0.054999999701976776,0.8899999856948853,0.05999999865889549,0.8733333349227905,0.8899999856948853
28,14803,random_layer_matched,random_layer_matched,-0.3092283606529236,-0.2825717031955719,-0.01535169780254364,0.004747180268168449,0.004337955266237259,0.004747180268168449,0.004337955266237259,0.019999999552965164,0.9649999737739563,0.023333333432674408,0.9366666674613953,0.9649999737739563
