group,side,direction,n,feature_count,mean_intervened_tool_logit,mean_tool_logit_delta,mean_intervened_best_non_tool_logit,mean_top1_margin_delta,mean_log_odds_delta,mean_tool_logit_gap_progress,intervened_tool_top1_rate,top1_flip_rate,margin_boundary_flip_rate,raw_tool_logit_midpoint_flip_rate,raw_tool_logit_reached_paired_target_rate,mean_gate_score_delta,mode,k
suppressor_top20,corrupt,to_clean,300,1,18.85875,-0.014583333333333334,21.892083333333332,-0.16125,-0.17943077087402343,-0.007038639570903418,0.0,0.0,0.0,0.0,0.0,1.3793234825134277,ablate,1
suppressor_top20,corrupt,to_clean,300,1,18.859166666666667,-0.014166666666666666,21.887083333333333,-0.15583333333333332,-0.17221298853556316,-0.005995824199140677,0.0,0.0,0.0,0.0,0.0,1.2923517990112305,swap,1
suppressor_top20,corrupt,to_clean,300,5,18.800416666666667,-0.07291666666666667,21.824166666666667,-0.15166666666666667,-0.16802599589029948,-0.04067117687939919,0.0,0.0,0.0,0.0,0.0,1.7212079111735026,ablate,5
suppressor_top20,corrupt,to_clean,300,5,18.84125,-0.03208333333333333,21.86,-0.14666666666666667,-0.16208866755167642,-0.01752246166779849,0.0,0.0,0.0,0.0,0.0,1.5527751286824545,swap,5
suppressor_top20,corrupt,to_clean,300,10,18.8125,-0.060833333333333336,21.820833333333333,-0.13625,-0.15659284591674805,-0.03176214038905048,0.0,0.0,0.0,0.0,0.0,1.9282511647542318,ablate,10
suppressor_top20,corrupt,to_clean,300,10,18.847083333333334,-0.02625,21.846666666666668,-0.1275,-0.14863908767700196,-0.011350286263252796,0.0,0.0,0.0,0.0,0.0,1.7455048751831055,swap,10
suppressor_top20,corrupt,to_clean,300,20,18.84875,-0.024583333333333332,21.888333333333332,-0.1675,-0.17536226908365884,-0.011360331026302612,0.0,0.0,0.0,0.0,0.0,2.231546910603841,ablate,20
suppressor_top20,corrupt,to_clean,300,20,18.86625,-0.007083333333333333,21.902083333333334,-0.16375,-0.17314304351806642,-0.0023759358272518443,0.0,0.0,0.0,0.0,0.0,1.9294132868448892,swap,20
driver_top20,clean,to_corrupt,300,1,21.3775,0.085,17.674166666666668,0.09229166666666666,0.09370820999145507,-0.04779221674053762,1.0,0.0,0.0,0.0,0.0,-0.43541569312413536,ablate,1
driver_top20,clean,to_corrupt,300,1,21.37125,0.07875,17.676875,0.08333333333333333,0.08467352549235026,-0.04501507060331667,1.0,0.0,0.0,0.0,0.0,-0.402660284837087,swap,1
driver_top20,clean,to_corrupt,300,5,21.54,0.2475,17.577291666666667,0.3516666666666667,0.301341012318929,-0.1369939256417839,1.0,0.0,0.0,0.0,0.0,-0.9569389635324478,ablate,5
driver_top20,clean,to_corrupt,300,5,21.4875,0.195,17.589791666666667,0.2866666666666667,0.24649569829305013,-0.10873028572869728,1.0,0.0,0.0,0.0,0.0,-0.808966089685758,swap,5
driver_top20,clean,to_corrupt,300,10,21.543333333333333,0.25083333333333335,17.600416666666668,0.331875,0.28596200307210284,-0.1405822872788234,1.0,0.0,0.0,0.0,0.0,-1.199654020269712,ablate,10
driver_top20,clean,to_corrupt,300,10,21.480416666666667,0.18791666666666668,17.606666666666666,0.2627083333333333,0.22537242889404296,-0.10608549006485674,1.0,0.0,0.0,0.0,0.0,-0.9881381160020828,swap,10
driver_top20,clean,to_corrupt,300,20,21.593333333333334,0.30083333333333334,17.617708333333333,0.3645833333333333,0.32595425923665367,-0.16728212798242537,1.0,0.0,0.0,0.0,0.0,-1.5367870376507442,ablate,20
driver_top20,clean,to_corrupt,300,20,21.527083333333334,0.23458333333333334,17.624791666666667,0.29125,0.26007863362630207,-0.13038290381120093,1.0,0.0,0.0,0.0,0.0,-1.2553254173199335,swap,20
random_layer_matched,corrupt,to_clean,300,1,18.8525,-0.020833333333333332,21.75,-0.025416666666666667,-0.023401807149251302,-0.008868893314468794,0.0,0.0,0.0,0.0,0.0,-0.11097923914591472,ablate,1
random_layer_matched,corrupt,to_clean,300,5,18.8525,-0.020833333333333332,21.749166666666667,-0.024583333333333332,-0.022887217203776043,-0.008452226647802128,0.0,0.0,0.0,0.0,0.0,-0.11098964055379232,ablate,5
random_layer_matched,corrupt,to_clean,300,10,18.85333333333333,-0.02,21.75,-0.024583333333333332,-0.022617162068684894,-0.008586706365615178,0.0,0.0,0.0,0.0,0.0,-0.1109801419576009,ablate,10
random_layer_matched,corrupt,to_clean,300,20,18.85333333333333,-0.02,21.75,-0.024583333333333332,-0.022617162068684894,-0.008586706365615178,0.0,0.0,0.0,0.0,0.0,-0.1109801419576009,ablate,20
