filename,sample_id,language,dataset_name,reason
codecontests_cpp_16.txt,codecontests_cpp_16,cpp,codecontests,no_behavior_valid_token_aligned_candidate_pair
codecontests_cpp_191.txt,codecontests_cpp_191,cpp,codecontests,no_behavior_valid_token_aligned_candidate_pair
codecontests_cpp_291.txt,codecontests_cpp_291,cpp,codecontests,no_behavior_valid_token_aligned_candidate_pair
codecontests_cpp_358.txt,codecontests_cpp_358,cpp,codecontests,no_behavior_valid_token_aligned_candidate_pair
codecontests_cpp_39.txt,codecontests_cpp_39,cpp,codecontests,no_behavior_valid_token_aligned_candidate_pair
codecontests_cpp_41.txt,codecontests_cpp_41,cpp,codecontests,no_behavior_valid_token_aligned_candidate_pair
codecontests_cpp_417.txt,codecontests_cpp_417,cpp,codecontests,no_behavior_valid_token_aligned_candidate_pair
codecontests_cpp_483.txt,codecontests_cpp_483,cpp,codecontests,no_behavior_valid_token_aligned_candidate_pair
codecontests_cpp_593.txt,codecontests_cpp_593,cpp,codecontests,no_behavior_valid_token_aligned_candidate_pair
codecontests_cpp_630.txt,codecontests_cpp_630,cpp,codecontests,no_behavior_valid_token_aligned_candidate_pair
codecontests_cpp_677.txt,codecontests_cpp_677,cpp,codecontests,no_behavior_valid_token_aligned_candidate_pair
codecontests_cpp_70.txt,codecontests_cpp_70,cpp,codecontests,no_behavior_valid_token_aligned_candidate_pair
codecontests_cpp_810.txt,codecontests_cpp_810,cpp,codecontests,no_behavior_valid_token_aligned_candidate_pair
codecontests_java_376.txt,codecontests_java_376,java,codecontests,no_behavior_valid_token_aligned_candidate_pair
