group_key,group,n,recovery_failure_count,recovery_failure_rate,patched_tool_top1_rate,mean_tool_logit_change,mean_patched_mu_coordinate,odds_ratio_vs_rest,fisher_p_vs_rest
task_source,apps,76,2,0.02631578947368421,0.9736842105263158,8.791118421052632,0.8832960230739493,6.027027027027027,0.15907611501425334
task_source,codecontests,202,0,0.0,1.0,5.764851485148514,1.0577918913694893,0.0,0.034139749949496076
task_source,humaneval,7,0,0.0,1.0,9.785714285714286,0.933516434260777,0.0,1.0
task_source,mbpp,15,1,0.06666666666666667,0.9333333333333333,9.108333333333333,0.8359179258346557,10.107142857142858,0.14307871877174472
language,cpp,101,0,0.0,1.0,5.9183168316831685,1.077836046124449,0.0,0.5533655810195057
language,java,101,0,0.0,1.0,5.611386138613861,1.0377477366145293,0.0,0.5533655810195057
language,python,98,3,0.030612244897959183,0.9693877551020408,8.910714285714286,0.879631445724137,inf,0.034139749949496076
corrupt_verb,discuss,60,3,0.05,0.95,6.952083333333333,0.7839934945106506,inf,0.007681084599672286
corrupt_verb,explore,53,0,0.0,1.0,7.375,1.008066474266772,0.0,1.0
corrupt_verb,inspect,54,0,0.0,1.0,6.756944444444445,1.035565843184789,0.0,1.0
corrupt_verb,review,60,0,0.0,1.0,6.333333333333333,1.077242057522138,0.0,1.0
corrupt_verb,study,73,0,0.0,1.0,6.642123287671233,1.0802141362673616,0.0,1.0
clean_verb,add,86,0,0.0,1.0,6.3895348837209305,1.0378200744473658,0.0,0.5600489326838904
clean_verb,build,20,1,0.05,0.95,7.29375,0.9816639184951782,7.315789473684211,0.18754685641175284
clean_verb,complete,20,0,0.0,1.0,6.19375,1.058319267630577,0.0,1.0
clean_verb,save,87,2,0.022988505747126436,0.9770114942528736,7.484195402298851,0.9358395536740621,4.988235294117647,0.2026504455567776
clean_verb,write,87,0,0.0,1.0,6.521551724137931,1.0161794533674744,0.0,0.5590927251913538
length_bin,long,100,0,0.0,1.0,6.375,1.0310845679044724,0.0,0.5533209131108168
length_bin,medium,96,0,0.0,1.0,6.37109375,1.022807411228617,0.0,0.5538201162712397
length_bin,short,104,3,0.028846153846153848,0.9711538461538461,7.5829326923076925,0.9478834179731516,inf,0.040875401225561714
