layer,feature_idx,category,train_delta_activation,heldout_delta_activation,beta_mu,train_kappa,heldout_kappa,train_abs_kappa,heldout_abs_kappa,train_active_rate_clean,train_active_rate_corrupt,heldout_active_rate_clean,heldout_active_rate_corrupt
29,14638,suppressor,-1.22265625,-1.0989584922790527,-0.026918338611721992,0.03291187435388565,0.029582137241959572,0.03291187435388565,0.029582137241959572,1.0,1.0,1.0,1.0
28,28593,suppressor,-0.47031235694885254,-0.42494773864746094,-0.05608951672911644,0.026379592716693878,0.023835113272070885,0.026379592716693878,0.023835113272070885,1.0,1.0,1.0,1.0
28,21674,suppressor,-0.3897143304347992,-0.2808079421520233,-0.04767744615674019,0.018580583855509758,0.01338820531964302,0.018580583855509758,0.01338820531964302,0.9649999737739563,1.0,0.9233333468437195,0.9866666793823242
28,20066,suppressor,-0.4010302722454071,-0.2948077917098999,-0.04607737436890602,0.01847842149436474,0.013583969324827194,0.01847842149436474,0.013583969324827194,0.054999999701976776,0.8500000238418579,0.39666667580604553,0.8600000143051147
28,18297,suppressor,-0.7208911180496216,-0.6896150708198547,-0.022280605509877205,0.016061890870332718,0.01536504179239273,0.016061890870332718,0.01536504179239273,0.33000001311302185,1.0,0.47333332896232605,1.0
29,11685,driver,0.7276574373245239,0.5246989130973816,0.06100479140877724,0.044390588998794556,0.032009147107601166,0.044390588998794556,0.032009147107601166,1.0,0.9599999785423279,0.9933333396911621,0.9700000286102295
29,30682,driver,0.7383489608764648,0.684118390083313,0.041493356227874756,0.030636576935648918,0.028386367484927177,0.030636576935648918,0.028386367484927177,0.9900000095367432,0.26499998569488525,0.996666669845581,0.4566666781902313
28,1627,driver,0.649542510509491,0.46593183279037476,0.04509631171822548,0.029291970655322075,0.021011807024478912,0.029291970655322075,0.021011807024478912,0.9950000047683716,0.7099999785423279,1.0,0.7566666603088379
29,16676,driver,0.5024442076683044,0.4569956660270691,0.05769416317343712,0.028988098725676537,0.026365982368588448,0.028988098725676537,0.026365982368588448,0.9850000143051147,0.05999999865889549,0.9800000190734863,0.30000001192092896
28,29517,driver,0.811572253704071,0.633277177810669,0.03464026004076004,0.028113074600696564,0.02193688601255417,0.028113074600696564,0.02193688601255417,1.0,0.04500000178813934,1.0,0.3033333420753479
28,14768,random_layer_matched,0.0,,0.02727152220904827,0.0,,0.0,,,,,
28,36123,random_layer_matched,0.0,,-0.007295208517462015,-0.0,,0.0,,,,,
28,1591,random_layer_matched,0.0,,-0.045513782650232315,-0.0,,0.0,,,,,
28,12969,random_layer_matched,0.0,,0.013967355713248253,0.0,,0.0,,,,,
29,13818,random_layer_matched,0.0,,0.034107618033885956,0.0,,0.0,,,,,
