index,sample_id,split,clean_verb,corrupt_verb
0,v5_qwen35_4b_301,train,complete,discuss
1,v5_qwen35_4b_302,train,complete,discuss
2,v5_qwen35_4b_303,train,complete,discuss
3,v5_qwen35_4b_304,train,complete,discuss
4,v5_qwen35_4b_305,train,complete,discuss
5,v5_qwen35_4b_306,train,complete,discuss
6,v5_qwen35_4b_307,train,complete,discuss
7,v5_qwen35_4b_308,train,complete,explain
8,v5_qwen35_4b_309,train,complete,explain
9,v5_qwen35_4b_310,train,complete,explain
10,v5_qwen35_4b_311,train,complete,explain
11,v5_qwen35_4b_312,train,complete,explain
12,v5_qwen35_4b_313,train,complete,explain
13,v5_qwen35_4b_314,train,complete,explain
14,v5_qwen35_4b_315,train,complete,explain
15,v5_qwen35_4b_316,train,complete,explain
16,v5_qwen35_4b_317,train,complete,explain
17,v5_qwen35_4b_318,train,complete,explain
18,v5_qwen35_4b_319,train,complete,explain
19,v5_qwen35_4b_320,train,complete,explain
20,v5_qwen35_4b_321,train,complete,explain
21,v5_qwen35_4b_322,train,complete,explain
22,v5_qwen35_4b_323,train,complete,explain
23,v5_qwen35_4b_324,train,complete,explain
24,v5_qwen35_4b_325,train,complete,explain
25,v5_qwen35_4b_326,train,complete,summarize
26,v5_qwen35_4b_327,train,complete,summarize
27,v5_qwen35_4b_328,train,complete,summarize
28,v5_qwen35_4b_329,train,complete,summarize
29,v5_qwen35_4b_330,train,complete,summarize
30,v5_qwen35_4b_331,train,complete,summarize
31,v5_qwen35_4b_332,train,complete,summarize
32,v5_qwen35_4b_333,train,complete,summarize
33,v5_qwen35_4b_334,train,complete,summarize
34,v5_qwen35_4b_335,train,complete,summarize
35,v5_qwen35_4b_336,train,complete,summarize
36,v5_qwen35_4b_337,train,complete,summarize
37,v5_qwen35_4b_338,train,complete,summarize
38,v5_qwen35_4b_339,train,complete,summarize
39,v5_qwen35_4b_340,train,complete,summarize
40,v5_qwen35_4b_341,train,complete,summarize
41,v5_qwen35_4b_342,train,complete,summarize
42,v5_qwen35_4b_343,train,complete,summarize
43,v5_qwen35_4b_344,train,complete,summarize
44,v5_qwen35_4b_345,train,complete,summarize
45,v5_qwen35_4b_346,train,complete,summarize
46,v5_qwen35_4b_347,train,complete,summarize
47,v5_qwen35_4b_348,train,complete,summarize
48,v5_qwen35_4b_349,train,complete,summarize
49,v5_qwen35_4b_350,train,complete,summarize
50,v5_qwen35_4b_351,train,execute,discuss
51,v5_qwen35_4b_352,train,execute,discuss
52,v5_qwen35_4b_353,train,execute,discuss
53,v5_qwen35_4b_354,train,execute,discuss
54,v5_qwen35_4b_355,train,execute,discuss
55,v5_qwen35_4b_356,train,execute,discuss
56,v5_qwen35_4b_357,train,execute,discuss
57,v5_qwen35_4b_358,train,execute,discuss
58,v5_qwen35_4b_359,train,execute,discuss
59,v5_qwen35_4b_360,train,execute,discuss
60,v5_qwen35_4b_361,train,execute,discuss
61,v5_qwen35_4b_362,train,execute,discuss
62,v5_qwen35_4b_363,train,execute,discuss
63,v5_qwen35_4b_364,train,execute,discuss
64,v5_qwen35_4b_365,train,execute,discuss
65,v5_qwen35_4b_366,train,execute,discuss
66,v5_qwen35_4b_367,train,execute,discuss
67,v5_qwen35_4b_368,train,execute,discuss
68,v5_qwen35_4b_369,train,execute,discuss
69,v5_qwen35_4b_370,train,execute,discuss
70,v5_qwen35_4b_371,train,execute,discuss
71,v5_qwen35_4b_372,train,execute,discuss
72,v5_qwen35_4b_373,train,execute,discuss
73,v5_qwen35_4b_374,train,execute,discuss
74,v5_qwen35_4b_375,train,execute,discuss
75,v5_qwen35_4b_376,train,execute,discuss
76,v5_qwen35_4b_377,train,execute,discuss
77,v5_qwen35_4b_378,train,execute,summarize
78,v5_qwen35_4b_379,train,execute,summarize
79,v5_qwen35_4b_380,train,execute,summarize
80,v5_qwen35_4b_381,train,execute,summarize
81,v5_qwen35_4b_382,train,execute,summarize
82,v5_qwen35_4b_383,train,execute,summarize
83,v5_qwen35_4b_384,train,execute,summarize
84,v5_qwen35_4b_385,train,execute,summarize
85,v5_qwen35_4b_386,train,execute,summarize
86,v5_qwen35_4b_387,train,execute,summarize
87,v5_qwen35_4b_388,train,execute,summarize
88,v5_qwen35_4b_389,train,execute,summarize
89,v5_qwen35_4b_390,train,execute,summarize
90,v5_qwen35_4b_391,train,execute,summarize
91,v5_qwen35_4b_392,train,execute,summarize
92,v5_qwen35_4b_393,train,execute,summarize
93,v5_qwen35_4b_394,train,execute,summarize
94,v5_qwen35_4b_395,train,execute,summarize
95,v5_qwen35_4b_396,train,execute,summarize
96,v5_qwen35_4b_397,train,execute,summarize
97,v5_qwen35_4b_398,train,execute,summarize
98,v5_qwen35_4b_399,train,execute,summarize
99,v5_qwen35_4b_400,train,execute,summarize
100,v5_qwen35_4b_401,train,perform,explain
101,v5_qwen35_4b_402,train,perform,explain
102,v5_qwen35_4b_403,train,perform,explain
103,v5_qwen35_4b_404,train,perform,explain
104,v5_qwen35_4b_405,train,perform,explain
105,v5_qwen35_4b_406,train,perform,explain
106,v5_qwen35_4b_407,train,perform,explain
107,v5_qwen35_4b_408,train,perform,explain
108,v5_qwen35_4b_409,train,perform,explain
109,v5_qwen35_4b_410,train,perform,explain
110,v5_qwen35_4b_411,train,perform,explain
111,v5_qwen35_4b_412,train,perform,explain
112,v5_qwen35_4b_413,train,perform,explain
113,v5_qwen35_4b_414,train,perform,explain
114,v5_qwen35_4b_415,train,perform,explain
115,v5_qwen35_4b_416,train,perform,explain
116,v5_qwen35_4b_417,train,perform,explain
117,v5_qwen35_4b_418,train,perform,explain
118,v5_qwen35_4b_419,train,perform,explain
119,v5_qwen35_4b_420,train,perform,explain
120,v5_qwen35_4b_421,train,perform,explain
121,v5_qwen35_4b_422,train,perform,explain
122,v5_qwen35_4b_423,train,perform,explain
123,v5_qwen35_4b_424,train,perform,explain
124,v5_qwen35_4b_425,train,perform,explain
125,v5_qwen35_4b_426,train,perform,explain
126,v5_qwen35_4b_427,train,perform,explain
127,v5_qwen35_4b_428,train,perform,explain
128,v5_qwen35_4b_429,train,perform,explain
129,v5_qwen35_4b_430,train,perform,explain
130,v5_qwen35_4b_431,train,perform,explain
131,v5_qwen35_4b_432,train,perform,explain
132,v5_qwen35_4b_433,train,perform,summarize
133,v5_qwen35_4b_434,train,perform,summarize
134,v5_qwen35_4b_435,train,perform,summarize
135,v5_qwen35_4b_436,train,perform,summarize
136,v5_qwen35_4b_437,train,perform,summarize
137,v5_qwen35_4b_438,train,perform,summarize
138,v5_qwen35_4b_439,train,perform,summarize
139,v5_qwen35_4b_440,train,perform,summarize
140,v5_qwen35_4b_441,train,perform,summarize
141,v5_qwen35_4b_442,train,perform,summarize
142,v5_qwen35_4b_443,train,perform,summarize
143,v5_qwen35_4b_444,train,perform,summarize
144,v5_qwen35_4b_445,train,perform,summarize
145,v5_qwen35_4b_446,train,perform,summarize
146,v5_qwen35_4b_447,train,perform,summarize
147,v5_qwen35_4b_448,train,perform,summarize
148,v5_qwen35_4b_449,train,perform,summarize
149,v5_qwen35_4b_450,train,perform,summarize
150,v5_qwen35_4b_451,train,process,discuss
151,v5_qwen35_4b_452,train,process,discuss
152,v5_qwen35_4b_453,train,process,discuss
153,v5_qwen35_4b_454,train,process,discuss
154,v5_qwen35_4b_455,train,process,discuss
155,v5_qwen35_4b_456,train,process,discuss
156,v5_qwen35_4b_457,train,process,discuss
157,v5_qwen35_4b_458,train,process,discuss
158,v5_qwen35_4b_459,train,process,discuss
159,v5_qwen35_4b_460,train,process,discuss
160,v5_qwen35_4b_461,train,process,discuss
161,v5_qwen35_4b_462,train,process,discuss
162,v5_qwen35_4b_463,train,process,discuss
163,v5_qwen35_4b_464,train,process,discuss
164,v5_qwen35_4b_465,train,process,discuss
165,v5_qwen35_4b_466,train,process,discuss
166,v5_qwen35_4b_467,train,process,discuss
167,v5_qwen35_4b_468,train,process,discuss
168,v5_qwen35_4b_469,train,process,discuss
169,v5_qwen35_4b_470,train,process,discuss
170,v5_qwen35_4b_471,train,process,discuss
171,v5_qwen35_4b_472,train,process,discuss
172,v5_qwen35_4b_473,train,process,discuss
173,v5_qwen35_4b_474,train,process,discuss
174,v5_qwen35_4b_475,train,process,discuss
175,v5_qwen35_4b_476,train,process,discuss
176,v5_qwen35_4b_477,train,process,discuss
177,v5_qwen35_4b_478,train,process,discuss
178,v5_qwen35_4b_479,train,process,discuss
179,v5_qwen35_4b_480,train,process,discuss
180,v5_qwen35_4b_481,train,process,discuss
181,v5_qwen35_4b_482,train,process,discuss
182,v5_qwen35_4b_483,train,process,discuss
183,v5_qwen35_4b_484,train,process,explain
184,v5_qwen35_4b_485,train,process,explain
185,v5_qwen35_4b_486,train,process,explain
186,v5_qwen35_4b_487,train,process,explain
187,v5_qwen35_4b_488,train,process,explain
188,v5_qwen35_4b_489,train,process,explain
189,v5_qwen35_4b_490,train,process,explain
190,v5_qwen35_4b_491,train,process,explain
191,v5_qwen35_4b_492,train,process,explain
192,v5_qwen35_4b_493,train,process,explain
193,v5_qwen35_4b_494,train,process,explain
194,v5_qwen35_4b_495,train,process,explain
195,v5_qwen35_4b_496,train,process,explain
196,v5_qwen35_4b_497,train,process,explain
197,v5_qwen35_4b_498,train,process,explain
198,v5_qwen35_4b_499,train,process,explain
199,v5_qwen35_4b_500,train,process,explain
0,v5_qwen35_4b_001,heldout,complete,discuss
1,v5_qwen35_4b_002,heldout,complete,discuss
2,v5_qwen35_4b_003,heldout,complete,discuss
3,v5_qwen35_4b_004,heldout,complete,discuss
4,v5_qwen35_4b_005,heldout,complete,discuss
5,v5_qwen35_4b_006,heldout,complete,discuss
6,v5_qwen35_4b_007,heldout,complete,discuss
7,v5_qwen35_4b_008,heldout,complete,discuss
8,v5_qwen35_4b_009,heldout,complete,discuss
9,v5_qwen35_4b_010,heldout,complete,discuss
10,v5_qwen35_4b_011,heldout,complete,discuss
11,v5_qwen35_4b_012,heldout,complete,discuss
12,v5_qwen35_4b_013,heldout,complete,discuss
13,v5_qwen35_4b_014,heldout,complete,discuss
14,v5_qwen35_4b_015,heldout,complete,discuss
15,v5_qwen35_4b_016,heldout,complete,discuss
16,v5_qwen35_4b_017,heldout,complete,discuss
17,v5_qwen35_4b_018,heldout,complete,discuss
18,v5_qwen35_4b_019,heldout,complete,discuss
19,v5_qwen35_4b_020,heldout,complete,discuss
20,v5_qwen35_4b_021,heldout,complete,discuss
21,v5_qwen35_4b_022,heldout,complete,discuss
22,v5_qwen35_4b_023,heldout,complete,discuss
23,v5_qwen35_4b_024,heldout,complete,discuss
24,v5_qwen35_4b_025,heldout,complete,discuss
25,v5_qwen35_4b_026,heldout,complete,explain
26,v5_qwen35_4b_027,heldout,complete,explain
27,v5_qwen35_4b_028,heldout,complete,explain
28,v5_qwen35_4b_029,heldout,complete,explain
29,v5_qwen35_4b_030,heldout,complete,explain
30,v5_qwen35_4b_031,heldout,complete,explain
31,v5_qwen35_4b_032,heldout,complete,explain
32,v5_qwen35_4b_033,heldout,complete,explain
33,v5_qwen35_4b_034,heldout,complete,explain
34,v5_qwen35_4b_035,heldout,complete,explain
35,v5_qwen35_4b_036,heldout,complete,explain
36,v5_qwen35_4b_037,heldout,complete,explain
37,v5_qwen35_4b_038,heldout,complete,explain
38,v5_qwen35_4b_039,heldout,complete,explain
39,v5_qwen35_4b_040,heldout,complete,explain
40,v5_qwen35_4b_041,heldout,complete,explain
41,v5_qwen35_4b_042,heldout,complete,explain
42,v5_qwen35_4b_043,heldout,complete,explain
43,v5_qwen35_4b_044,heldout,complete,explain
44,v5_qwen35_4b_045,heldout,complete,explain
45,v5_qwen35_4b_046,heldout,complete,explain
46,v5_qwen35_4b_047,heldout,complete,explain
47,v5_qwen35_4b_048,heldout,complete,explain
48,v5_qwen35_4b_049,heldout,complete,explain
49,v5_qwen35_4b_050,heldout,complete,summarize
50,v5_qwen35_4b_051,heldout,complete,summarize
51,v5_qwen35_4b_052,heldout,complete,summarize
52,v5_qwen35_4b_053,heldout,complete,summarize
53,v5_qwen35_4b_054,heldout,complete,summarize
54,v5_qwen35_4b_055,heldout,complete,summarize
55,v5_qwen35_4b_056,heldout,complete,summarize
56,v5_qwen35_4b_057,heldout,complete,summarize
57,v5_qwen35_4b_058,heldout,complete,summarize
58,v5_qwen35_4b_059,heldout,complete,summarize
59,v5_qwen35_4b_060,heldout,complete,summarize
60,v5_qwen35_4b_061,heldout,complete,summarize
61,v5_qwen35_4b_062,heldout,complete,summarize
62,v5_qwen35_4b_063,heldout,complete,summarize
63,v5_qwen35_4b_064,heldout,complete,summarize
64,v5_qwen35_4b_065,heldout,complete,summarize
65,v5_qwen35_4b_066,heldout,complete,summarize
66,v5_qwen35_4b_067,heldout,complete,summarize
67,v5_qwen35_4b_068,heldout,complete,summarize
68,v5_qwen35_4b_069,heldout,complete,summarize
69,v5_qwen35_4b_070,heldout,complete,summarize
70,v5_qwen35_4b_071,heldout,complete,summarize
71,v5_qwen35_4b_072,heldout,complete,summarize
72,v5_qwen35_4b_073,heldout,complete,summarize
73,v5_qwen35_4b_074,heldout,complete,summarize
74,v5_qwen35_4b_075,heldout,complete,summarize
75,v5_qwen35_4b_076,heldout,execute,discuss
76,v5_qwen35_4b_077,heldout,execute,discuss
77,v5_qwen35_4b_078,heldout,execute,discuss
78,v5_qwen35_4b_079,heldout,execute,discuss
79,v5_qwen35_4b_080,heldout,execute,discuss
80,v5_qwen35_4b_081,heldout,execute,discuss
81,v5_qwen35_4b_082,heldout,execute,discuss
82,v5_qwen35_4b_083,heldout,execute,discuss
83,v5_qwen35_4b_084,heldout,execute,discuss
84,v5_qwen35_4b_085,heldout,execute,discuss
85,v5_qwen35_4b_086,heldout,execute,discuss
86,v5_qwen35_4b_087,heldout,execute,discuss
87,v5_qwen35_4b_088,heldout,execute,discuss
88,v5_qwen35_4b_089,heldout,execute,discuss
89,v5_qwen35_4b_090,heldout,execute,discuss
90,v5_qwen35_4b_091,heldout,execute,discuss
91,v5_qwen35_4b_092,heldout,execute,discuss
92,v5_qwen35_4b_093,heldout,execute,discuss
93,v5_qwen35_4b_094,heldout,execute,discuss
94,v5_qwen35_4b_095,heldout,execute,discuss
95,v5_qwen35_4b_096,heldout,execute,discuss
96,v5_qwen35_4b_097,heldout,execute,discuss
97,v5_qwen35_4b_098,heldout,execute,discuss
98,v5_qwen35_4b_099,heldout,execute,discuss
99,v5_qwen35_4b_100,heldout,execute,discuss
100,v5_qwen35_4b_101,heldout,execute,discuss
101,v5_qwen35_4b_102,heldout,execute,discuss
102,v5_qwen35_4b_103,heldout,execute,discuss
103,v5_qwen35_4b_104,heldout,execute,discuss
104,v5_qwen35_4b_105,heldout,execute,discuss
105,v5_qwen35_4b_106,heldout,execute,discuss
106,v5_qwen35_4b_107,heldout,execute,discuss
107,v5_qwen35_4b_108,heldout,execute,discuss
108,v5_qwen35_4b_109,heldout,execute,discuss
109,v5_qwen35_4b_110,heldout,execute,discuss
110,v5_qwen35_4b_111,heldout,execute,discuss
111,v5_qwen35_4b_112,heldout,execute,discuss
112,v5_qwen35_4b_113,heldout,execute,explain
113,v5_qwen35_4b_114,heldout,execute,explain
114,v5_qwen35_4b_115,heldout,execute,explain
115,v5_qwen35_4b_116,heldout,execute,explain
116,v5_qwen35_4b_117,heldout,execute,explain
117,v5_qwen35_4b_118,heldout,execute,explain
118,v5_qwen35_4b_119,heldout,execute,explain
119,v5_qwen35_4b_120,heldout,execute,explain
120,v5_qwen35_4b_121,heldout,execute,explain
121,v5_qwen35_4b_122,heldout,execute,explain
122,v5_qwen35_4b_123,heldout,execute,explain
123,v5_qwen35_4b_124,heldout,execute,explain
124,v5_qwen35_4b_125,heldout,execute,explain
125,v5_qwen35_4b_126,heldout,execute,explain
126,v5_qwen35_4b_127,heldout,execute,explain
127,v5_qwen35_4b_128,heldout,execute,explain
128,v5_qwen35_4b_129,heldout,execute,explain
129,v5_qwen35_4b_130,heldout,execute,explain
130,v5_qwen35_4b_131,heldout,execute,explain
131,v5_qwen35_4b_132,heldout,execute,explain
132,v5_qwen35_4b_133,heldout,execute,explain
133,v5_qwen35_4b_134,heldout,execute,explain
134,v5_qwen35_4b_135,heldout,execute,explain
135,v5_qwen35_4b_136,heldout,execute,explain
136,v5_qwen35_4b_137,heldout,execute,explain
137,v5_qwen35_4b_138,heldout,execute,explain
138,v5_qwen35_4b_139,heldout,execute,explain
139,v5_qwen35_4b_140,heldout,execute,explain
140,v5_qwen35_4b_141,heldout,execute,explain
141,v5_qwen35_4b_142,heldout,execute,explain
142,v5_qwen35_4b_143,heldout,execute,explain
143,v5_qwen35_4b_144,heldout,execute,explain
144,v5_qwen35_4b_145,heldout,execute,explain
145,v5_qwen35_4b_146,heldout,execute,explain
146,v5_qwen35_4b_147,heldout,execute,explain
147,v5_qwen35_4b_148,heldout,execute,explain
148,v5_qwen35_4b_149,heldout,execute,explain
149,v5_qwen35_4b_150,heldout,execute,explain
150,v5_qwen35_4b_151,heldout,perform,discuss
151,v5_qwen35_4b_152,heldout,perform,discuss
152,v5_qwen35_4b_153,heldout,perform,discuss
153,v5_qwen35_4b_154,heldout,perform,discuss
154,v5_qwen35_4b_155,heldout,perform,discuss
155,v5_qwen35_4b_156,heldout,perform,discuss
156,v5_qwen35_4b_157,heldout,perform,discuss
157,v5_qwen35_4b_158,heldout,perform,discuss
158,v5_qwen35_4b_159,heldout,perform,discuss
159,v5_qwen35_4b_160,heldout,perform,discuss
160,v5_qwen35_4b_161,heldout,perform,discuss
161,v5_qwen35_4b_162,heldout,perform,discuss
162,v5_qwen35_4b_163,heldout,perform,discuss
163,v5_qwen35_4b_164,heldout,perform,discuss
164,v5_qwen35_4b_165,heldout,perform,discuss
165,v5_qwen35_4b_166,heldout,perform,discuss
166,v5_qwen35_4b_167,heldout,perform,discuss
167,v5_qwen35_4b_168,heldout,perform,discuss
168,v5_qwen35_4b_169,heldout,perform,discuss
169,v5_qwen35_4b_170,heldout,perform,discuss
170,v5_qwen35_4b_171,heldout,perform,discuss
171,v5_qwen35_4b_172,heldout,perform,discuss
172,v5_qwen35_4b_173,heldout,perform,discuss
173,v5_qwen35_4b_174,heldout,perform,discuss
174,v5_qwen35_4b_175,heldout,perform,discuss
175,v5_qwen35_4b_176,heldout,perform,discuss
176,v5_qwen35_4b_177,heldout,perform,discuss
177,v5_qwen35_4b_178,heldout,perform,discuss
178,v5_qwen35_4b_179,heldout,perform,discuss
179,v5_qwen35_4b_180,heldout,perform,discuss
180,v5_qwen35_4b_181,heldout,perform,discuss
181,v5_qwen35_4b_182,heldout,perform,discuss
182,v5_qwen35_4b_183,heldout,perform,discuss
183,v5_qwen35_4b_184,heldout,perform,discuss
184,v5_qwen35_4b_185,heldout,perform,discuss
185,v5_qwen35_4b_186,heldout,perform,discuss
186,v5_qwen35_4b_187,heldout,perform,discuss
187,v5_qwen35_4b_188,heldout,perform,discuss
188,v5_qwen35_4b_189,heldout,perform,explain
189,v5_qwen35_4b_190,heldout,perform,explain
190,v5_qwen35_4b_191,heldout,perform,explain
191,v5_qwen35_4b_192,heldout,perform,explain
192,v5_qwen35_4b_193,heldout,perform,explain
193,v5_qwen35_4b_194,heldout,perform,explain
194,v5_qwen35_4b_195,heldout,perform,explain
195,v5_qwen35_4b_196,heldout,perform,explain
196,v5_qwen35_4b_197,heldout,perform,explain
197,v5_qwen35_4b_198,heldout,perform,explain
198,v5_qwen35_4b_199,heldout,perform,explain
199,v5_qwen35_4b_200,heldout,perform,summarize
200,v5_qwen35_4b_201,heldout,perform,summarize
201,v5_qwen35_4b_202,heldout,perform,summarize
202,v5_qwen35_4b_203,heldout,perform,summarize
203,v5_qwen35_4b_204,heldout,perform,summarize
204,v5_qwen35_4b_205,heldout,perform,summarize
205,v5_qwen35_4b_206,heldout,perform,summarize
206,v5_qwen35_4b_207,heldout,perform,summarize
207,v5_qwen35_4b_208,heldout,perform,summarize
208,v5_qwen35_4b_209,heldout,perform,summarize
209,v5_qwen35_4b_210,heldout,perform,summarize
210,v5_qwen35_4b_211,heldout,perform,summarize
211,v5_qwen35_4b_212,heldout,perform,summarize
212,v5_qwen35_4b_213,heldout,perform,summarize
213,v5_qwen35_4b_214,heldout,perform,summarize
214,v5_qwen35_4b_215,heldout,perform,summarize
215,v5_qwen35_4b_216,heldout,perform,summarize
216,v5_qwen35_4b_217,heldout,perform,summarize
217,v5_qwen35_4b_218,heldout,perform,summarize
218,v5_qwen35_4b_219,heldout,perform,summarize
219,v5_qwen35_4b_220,heldout,perform,summarize
220,v5_qwen35_4b_221,heldout,perform,summarize
221,v5_qwen35_4b_222,heldout,perform,summarize
222,v5_qwen35_4b_223,heldout,perform,summarize
223,v5_qwen35_4b_224,heldout,perform,summarize
224,v5_qwen35_4b_225,heldout,perform,summarize
225,v5_qwen35_4b_226,heldout,process,explain
226,v5_qwen35_4b_227,heldout,process,explain
227,v5_qwen35_4b_228,heldout,process,explain
228,v5_qwen35_4b_229,heldout,process,explain
229,v5_qwen35_4b_230,heldout,process,explain
230,v5_qwen35_4b_231,heldout,process,explain
231,v5_qwen35_4b_232,heldout,process,explain
232,v5_qwen35_4b_233,heldout,process,explain
233,v5_qwen35_4b_234,heldout,process,explain
234,v5_qwen35_4b_235,heldout,process,explain
235,v5_qwen35_4b_236,heldout,process,explain
236,v5_qwen35_4b_237,heldout,process,explain
237,v5_qwen35_4b_238,heldout,process,explain
238,v5_qwen35_4b_239,heldout,process,explain
239,v5_qwen35_4b_240,heldout,process,explain
240,v5_qwen35_4b_241,heldout,process,explain
241,v5_qwen35_4b_242,heldout,process,explain
242,v5_qwen35_4b_243,heldout,process,explain
243,v5_qwen35_4b_244,heldout,process,explain
244,v5_qwen35_4b_245,heldout,process,explain
245,v5_qwen35_4b_246,heldout,process,explain
246,v5_qwen35_4b_247,heldout,process,explain
247,v5_qwen35_4b_248,heldout,process,explain
248,v5_qwen35_4b_249,heldout,process,explain
249,v5_qwen35_4b_250,heldout,process,explain
250,v5_qwen35_4b_251,heldout,process,explain
251,v5_qwen35_4b_252,heldout,process,explain
252,v5_qwen35_4b_253,heldout,process,summarize
253,v5_qwen35_4b_254,heldout,process,summarize
254,v5_qwen35_4b_255,heldout,process,summarize
255,v5_qwen35_4b_256,heldout,process,summarize
256,v5_qwen35_4b_257,heldout,process,summarize
257,v5_qwen35_4b_258,heldout,process,summarize
258,v5_qwen35_4b_259,heldout,process,summarize
259,v5_qwen35_4b_260,heldout,process,summarize
260,v5_qwen35_4b_261,heldout,process,summarize
261,v5_qwen35_4b_262,heldout,process,summarize
262,v5_qwen35_4b_263,heldout,process,summarize
263,v5_qwen35_4b_264,heldout,process,summarize
264,v5_qwen35_4b_265,heldout,process,summarize
265,v5_qwen35_4b_266,heldout,process,summarize
266,v5_qwen35_4b_267,heldout,process,summarize
267,v5_qwen35_4b_268,heldout,process,summarize
268,v5_qwen35_4b_269,heldout,process,summarize
269,v5_qwen35_4b_270,heldout,process,summarize
270,v5_qwen35_4b_271,heldout,process,summarize
271,v5_qwen35_4b_272,heldout,process,summarize
272,v5_qwen35_4b_273,heldout,process,summarize
273,v5_qwen35_4b_274,heldout,process,summarize
274,v5_qwen35_4b_275,heldout,process,summarize
275,v5_qwen35_4b_276,heldout,process,summarize
276,v5_qwen35_4b_277,heldout,process,summarize
277,v5_qwen35_4b_278,heldout,process,summarize
278,v5_qwen35_4b_279,heldout,process,summarize
279,v5_qwen35_4b_280,heldout,process,summarize
280,v5_qwen35_4b_281,heldout,process,summarize
281,v5_qwen35_4b_282,heldout,process,summarize
282,v5_qwen35_4b_283,heldout,process,summarize
283,v5_qwen35_4b_284,heldout,process,summarize
284,v5_qwen35_4b_285,heldout,process,summarize
285,v5_qwen35_4b_286,heldout,process,summarize
286,v5_qwen35_4b_287,heldout,process,summarize
287,v5_qwen35_4b_288,heldout,process,summarize
288,v5_qwen35_4b_289,heldout,process,summarize
289,v5_qwen35_4b_290,heldout,process,summarize
290,v5_qwen35_4b_291,heldout,process,summarize
291,v5_qwen35_4b_292,heldout,process,summarize
292,v5_qwen35_4b_293,heldout,process,summarize
293,v5_qwen35_4b_294,heldout,process,summarize
294,v5_qwen35_4b_295,heldout,process,summarize
295,v5_qwen35_4b_296,heldout,process,summarize
296,v5_qwen35_4b_297,heldout,process,summarize
297,v5_qwen35_4b_298,heldout,process,summarize
298,v5_qwen35_4b_299,heldout,process,summarize
299,v5_qwen35_4b_300,heldout,process,summarize
