layer,feature_idx,category,train_delta,heldout_delta,beta_mu,train_kappa,heldout_kappa,train_abs_kappa,heldout_abs_kappa,train_active_rate_clean,train_active_rate_corrupt,heldout_active_rate_clean,heldout_active_rate_corrupt
25,15948,suppressor,-3.8607616424560547,-3.5514581203460693,-0.2069496065378189,0.798983097076416,0.7349728345870972,0.798983097076416,0.7349728345870972,1.0,1.0,1.0,1.0
24,30233,suppressor,-2.968491315841675,-2.8560283184051514,-0.20380085706710815,0.6049810647964478,0.5820609927177429,0.6049810647964478,0.5820609927177429,0.9649999737739563,1.0,0.9733333587646484,1.0
25,51042,suppressor,-5.116106033325195,-4.829625606536865,-0.09538060426712036,0.4879772961139679,0.460652619600296,0.4879772961139679,0.460652619600296,0.49000000953674316,0.9850000143051147,0.5166666507720947,0.9666666388511658
24,47611,suppressor,-2.5077707767486572,-2.505887031555176,-0.11502325534820557,0.2884519696235657,0.28823527693748474,0.2884519696235657,0.28823527693748474,0.004999999888241291,0.949999988079071,0.006666666828095913,0.9566666483879089
25,106080,suppressor,-2.6870317459106445,-2.570312023162842,-0.08686187863349915,0.2334006279706955,0.22326213121414185,0.2334006279706955,0.22326213121414185,1.0,1.0,1.0,1.0
23,22629,suppressor,-3.1310877799987793,-2.9741387367248535,-0.061278145760297775,0.19186724722385406,0.18224970996379852,0.19186724722385406,0.18224970996379852,0.4399999976158142,0.9900000095367432,0.41999998688697815,0.9866666793823242
23,71104,suppressor,-2.4312596321105957,-2.269681930541992,-0.07311056554317474,0.17775076627731323,0.16593773663043976,0.17775076627731323,0.16593773663043976,0.9900000095367432,1.0,0.996666669845581,1.0
23,140107,suppressor,-1.320547103881836,-1.2616662979125977,-0.11005857586860657,0.1453375369310379,0.13885720074176788,0.1453375369310379,0.13885720074176788,1.0,1.0,1.0,1.0
23,640,suppressor,-3.0692572593688965,-3.0077872276306152,-0.04301223158836365,0.13201560080051422,0.12937164306640625,0.13201560080051422,0.12937164306640625,0.1899999976158142,1.0,0.22333332896232605,0.996666669845581
23,119072,suppressor,-1.901016354560852,-1.834166407585144,-0.05876004323363304,0.11170380562543869,0.10777569562196732,0.11170380562543869,0.10777569562196732,0.6549999713897705,1.0,0.6866666674613953,1.0
25,143711,suppressor,-2.753317356109619,-2.6734566688537598,-0.0404963456094265,0.11149929463863373,0.1082652285695076,0.11149929463863373,0.1082652285695076,0.6349999904632568,0.8149999976158142,0.6666666865348816,0.8133333325386047
25,45648,suppressor,-1.0988662242889404,-1.100678563117981,-0.09924902766942978,0.10906140506267548,0.10924127697944641,0.10906140506267548,0.10924127697944641,0.0,0.6700000166893005,0.0,0.7200000286102295
25,85903,suppressor,-0.9931445121765137,-0.9607584476470947,-0.10814634710550308,0.10740495473146439,0.10390251874923706,0.10740495473146439,0.10390251874923706,0.0,0.39500001072883606,0.0,0.3866666555404663
23,158577,suppressor,-2.2401721477508545,-2.220890998840332,-0.04349949210882187,0.09744635224342346,0.09660763293504715,0.09744635224342346,0.09660763293504715,0.0,0.7099999785423279,0.0,0.7633333206176758
25,54185,suppressor,-2.558054208755493,-2.6794865131378174,-0.03797689080238342,0.09714694321155548,0.10175856947898865,0.09714694321155548,0.10175856947898865,0.0,0.7400000095367432,0.0,0.746666669845581
23,21956,suppressor,-0.8445560336112976,-0.7095483541488647,-0.11361974477767944,0.09595824033021927,0.08061870187520981,0.09595824033021927,0.08061870187520981,0.0,0.5600000023841858,0.0033333334140479565,0.5299999713897705
23,149273,suppressor,-1.3060985803604126,-1.2602612972259521,-0.07207565009593964,0.09413790702819824,0.09083415567874908,0.09413790702819824,0.09083415567874908,0.009999999776482582,0.8949999809265137,0.009999999776482582,0.8500000238418579
24,97653,suppressor,-1.5172193050384521,-1.3989709615707397,-0.0585743747651577,0.08887017518281937,0.08194384723901749,0.08887017518281937,0.08194384723901749,0.9800000190734863,1.0,0.9766666889190674,1.0
25,70366,suppressor,-1.062821626663208,-1.1565232276916504,-0.08176768571138382,0.08690446615219116,0.0945662260055542,0.08690446615219116,0.0945662260055542,0.054999999701976776,0.8450000286102295,0.10333333164453506,0.8433333039283752
23,62777,suppressor,-1.325504183769226,-1.2438745498657227,-0.06445062905550003,0.08542957901954651,0.08016850054264069,0.08542957901954651,0.08016850054264069,0.0,0.7549999952316284,0.0,0.7633333206176758
23,87189,driver,2.3523969650268555,2.191542148590088,0.2022576630115509,0.4757903218269348,0.4432561993598938,0.4757903218269348,0.4432561993598938,0.9950000047683716,0.6299999952316284,0.9866666793823242,0.6800000071525574
24,128580,driver,3.6185145378112793,3.505625009536743,0.09223486483097076,0.33375319838523865,0.32334086298942566,0.33375319838523865,0.32334086298942566,1.0,0.09000000357627869,1.0,0.06666667014360428
25,151291,driver,4.303239345550537,4.383490562438965,0.04224378615617752,0.18178512156009674,0.18517524003982544,0.18178512156009674,0.18517524003982544,1.0,0.5849999785423279,1.0,0.6299999952316284
23,116531,driver,2.4874446392059326,2.4316530227661133,0.06396013498306274,0.15909729897975922,0.15552885830402374,0.15909729897975922,0.15552885830402374,1.0,0.2800000011920929,1.0,0.2633333206176758
22,135429,driver,0.6599604487419128,0.6202453374862671,0.18926787376403809,0.12490931153297424,0.11739251762628555,0.12490931153297424,0.11739251762628555,0.8999999761581421,0.45500001311302185,0.8899999856948853,0.5366666913032532
22,75243,driver,3.7051444053649902,3.570333480834961,0.032074399292469025,0.1188402846455574,0.11451630294322968,0.1188402846455574,0.11451630294322968,1.0,0.9700000286102295,1.0,0.9833333492279053
25,73403,driver,0.698193371295929,0.5262956023216248,0.06445975601673126,0.045005373656749725,0.0339248850941658,0.045005373656749725,0.0339248850941658,0.5099999904632568,0.0,0.4566666781902313,0.0
24,103383,driver,0.7957698106765747,0.9935251474380493,0.05370989069342613,0.04274071007966995,0.053362127393484116,0.04274071007966995,0.053362127393484116,0.6349999904632568,0.28999999165534973,0.6466666460037231,0.2199999988079071
23,43886,driver,0.7498815655708313,0.6761578321456909,0.056571848690509796,0.04242218658328056,0.038251496851444244,0.04242218658328056,0.038251496851444244,0.4399999976158142,0.0,0.36000001430511475,0.0
25,62371,driver,0.8919352889060974,0.7300764918327332,0.04737991467118263,0.0422598160803318,0.034590963274240494,0.0422598160803318,0.034590963274240494,0.7450000047683716,0.0,0.6499999761581421,0.0
25,91953,driver,0.9356521368026733,0.7367889881134033,0.03475242853164673,0.03251618519425392,0.025605207309126854,0.03251618519425392,0.025605207309126854,0.7049999833106995,0.0,0.6166666746139526,0.0
24,80722,driver,0.37937912344932556,0.42739808559417725,0.08196830749511719,0.031097063794732094,0.035033099353313446,0.031097063794732094,0.035033099353313446,0.4350000023841858,0.0,0.4566666781902313,0.0
23,34229,driver,2.051898241043091,2.049170732498169,0.013645411469042301,0.027998995035886765,0.02796177752315998,0.027998995035886765,0.02796177752315998,1.0,1.0,1.0,0.9900000095367432
23,48828,driver,0.350616991519928,0.27043992280960083,0.06870488077402115,0.02408909797668457,0.018580542877316475,0.02408909797668457,0.018580542877316475,0.4399999976158142,0.004999999888241291,0.3866666555404663,0.0
23,75777,driver,0.7337072491645813,0.7865380644798279,0.02671128883957863,0.01959826610982418,0.021009445190429688,0.01959826610982418,0.021009445190429688,0.5649999976158142,0.02500000037252903,0.5533333420753479,0.009999999776482582
23,4518,driver,0.35533201694488525,0.3114664852619171,0.05432136356830597,0.019302120432257652,0.01691928505897522,0.019302120432257652,0.01691928505897522,0.27000001072883606,0.0,0.25999999046325684,0.0
25,120420,driver,0.41318953037261963,0.37766769528388977,0.04328744858503342,0.01788591966032982,0.01634827069938183,0.01788591966032982,0.01634827069938183,0.9399999976158142,0.41499999165534973,0.9333333373069763,0.4033333361148834
24,94373,driver,0.23397216200828552,0.21556924283504486,0.06730591505765915,0.015747711062431335,0.014509085565805435,0.015747711062431335,0.014509085565805435,0.41499999165534973,0.0,0.3799999952316284,0.0
23,101833,driver,0.22198456525802612,0.3364843726158142,0.058868780732154846,0.013067960739135742,0.01980842463672161,0.013067960739135742,0.01980842463672161,0.699999988079071,0.5600000023841858,0.70333331823349,0.6000000238418579
25,45090,driver,0.6866885423660278,0.5622751712799072,0.017607050016522408,0.012090559117496014,0.009900007396936417,0.012090559117496014,0.009900007396936417,0.9700000286102295,0.8550000190734863,0.9566666483879089,0.8500000238418579
