layers,top_k,consistency_threshold,status,suppressor_pool_count,driver_pool_count,suppressor_selected_count,driver_selected_count,corrupt_train_abs_kappa,corrupt_heldout_frozen_abs_kappa,corrupt_heldout_frozen_aligned_abs_kappa,corrupt_train_consistency_median,corrupt_heldout_consistency_median,corrupt_train_consistency_min,corrupt_heldout_consistency_min,corrupt_train_active_rate_max_median,corrupt_heldout_active_rate_max_median,clean_train_abs_kappa,clean_heldout_frozen_abs_kappa,clean_heldout_frozen_aligned_abs_kappa,clean_train_consistency_median,clean_heldout_consistency_median,clean_train_consistency_min,clean_heldout_consistency_min,clean_train_active_rate_max_median,clean_heldout_active_rate_max_median,train_ratio_corrupt_over_clean,heldout_ratio_corrupt_over_clean,heldout_delta_corrupt_minus_clean
"28,29",1,0.0,complete,2,2,1,1,0.03291187435388565,0.029582133516669273,0.029582133516669273,1.0,0.9866666793823242,1.0,0.9866666793823242,1.0,1.0,0.044390592724084854,0.032009147107601166,0.032009147107601166,0.9900000095367432,0.8600000143051147,0.9900000095367432,0.8600000143051147,1.0,0.9933333396911621,0.7414155192397052,0.9241774989263756,-0.0024270135909318924
"28,29",2,0.0,complete,4,4,2,2,0.059291476383805275,0.053417256101965904,0.053417256101965904,1.0,0.9916666746139526,1.0,0.9866666793823242,1.0,1.0,0.07502716593444347,0.060395512729883194,0.060395512729883194,0.9825000166893005,0.9200000166893005,0.9750000238418579,0.8600000143051147,0.9950000047683716,0.9950000047683716,0.7902667739790734,0.8844573659118137,-0.00697825662791729
"28,29",5,0.0,complete,10,10,5,5,0.11241237446665764,0.09575447253882885,0.09575447253882885,1.0,0.9866666793823242,0.8500000238418579,0.8533333539962769,1.0,1.0,0.16142031364142895,0.12971018441021442,0.12971018441021442,0.9850000143051147,0.9599999785423279,0.9750000238418579,0.8600000143051147,0.9950000047683716,0.996666669845581,0.6963954655444723,0.7382186138599643,-0.033955711871385574
"28,29",10,0.0,complete,20,20,10,10,0.17400584556162357,0.1480696890503168,0.1480696890503168,0.9750000238418579,0.9483333230018616,0.8500000238418579,0.8433333039283752,0.9900000095367432,0.9850000143051147,0.2790999934077263,0.235532745718956,0.235532745718956,0.9850000143051147,0.9583333134651184,0.6449999809265137,0.6733333468437195,0.9950000047683716,0.9950000047683716,0.6234534205360056,0.6286586121956798,-0.08746305666863918
"28,29",16,0.0,complete,32,32,16,16,0.2363927662372589,0.20007786434143782,0.20007786434143782,0.9750000238418579,0.9383333325386047,0.8500000238418579,0.8133333325386047,0.9850000143051147,0.9800000190734863,0.3956278506666422,0.33355681598186493,0.33355681598186493,0.9775000214576721,0.9516666531562805,0.6449999809265137,0.6733333468437195,0.9925000071525574,0.9900000095367432,0.5975129552657417,0.599831437269493,-0.1334789516404271
"28,29",20,0.0,complete,40,40,20,20,0.274755259975791,0.2377568813972175,0.2377568813972175,0.9800000190734863,0.9416666626930237,0.8500000238418579,0.8133333325386047,0.987500011920929,0.9750000238418579,0.4675950538367033,0.40358816273510456,0.40358816273510456,0.9825000166893005,0.9566666483879089,0.6449999809265137,0.6733333468437195,0.9925000071525574,0.9900000095367432,0.5875923145922387,0.5891076680394847,-0.16583128133788705
"28,29",32,0.0,complete,64,64,32,32,0.37823390727862716,0.3121754436288029,0.3121754436288029,0.9574999809265137,0.9233333468437195,0.6399999856948853,0.33666667342185974,0.9750000238418579,0.9599999785423279,0.6684974525123835,0.5713393110781908,0.5713393110781908,0.9850000143051147,0.9566666483879089,0.6449999809265137,0.6733333468437195,0.9925000071525574,0.9916666746139526,0.5657970809868129,0.5463923759065128,-0.2591638674493879
"28,29",50,0.0,complete,100,100,50,50,0.5036821095272899,0.4056435648817569,0.4056435648817569,0.9474999904632568,0.8799999952316284,0.5899999737739563,0.33666667342185974,0.9549999833106995,0.9233333468437195,0.9270645901560783,0.7758887466043234,0.7758887466043234,0.9850000143051147,0.9566666483879089,0.6449999809265137,0.5799999833106995,0.9925000071525574,0.9900000095367432,0.543308540608256,0.5228115070067142,-0.3702451817225665
"28,29",100,0.0,complete,200,200,100,100,0.7733798595145345,0.6100141904316843,0.6100141904316843,0.9100000262260437,0.8183333277702332,0.46000000834465027,0.33666667342185974,0.9399999976158142,0.8866666555404663,1.519079403951764,1.2948279459960759,1.2948279459960759,0.9800000190734863,0.9583333134651184,0.6349999904632568,0.2433333396911621,0.9925000071525574,0.9866666793823242,0.5091108848574001,0.47111602148995707,-0.6848137555643916
"28,29",200,0.0,complete,400,400,200,200,1.1146354109514505,0.8528163348382805,0.849790725071216,0.8575000166893005,0.7200000286102295,0.36500000953674316,0.2666666805744171,0.8999999761581421,0.8316666483879089,2.357016120105982,2.012635039864108,2.012635039864108,0.9700000286102295,0.9316666722297668,0.6100000143051147,0.2433333396911621,0.9800000190734863,0.9649999737739563,0.4729010554672539,0.4237312368842898,-1.1598187050258275
"28,29",500,0.0,complete,1000,1000,500,500,1.5362053063581698,1.197115832299005,1.1836368636354564,0.6775000095367432,0.5433333516120911,0.05000000074505806,0.07000000029802322,0.7400000095367432,0.6266666650772095,3.743997265584767,3.2930369144887663,3.2930369144887663,0.9399999976158142,0.8899999856948853,0.33000001311302185,0.2133333384990692,0.9549999833106995,0.9333333373069763,0.4103115460257242,0.3635294299410711,-2.0959210821897614
"28,29",1000,0.0,complete,2000,2000,1000,1000,1.7065474426199216,1.3956850668320442,1.3622780347686785,0.49000000953674316,0.35333332419395447,0.009999999776482582,0.0033333334140479565,0.5199999809265137,0.4266666769981384,4.752454329049215,4.304573237701334,4.302950399463953,0.8700000047683716,0.7900000214576721,0.16500000655651093,0.10000000149011612,0.9049999713897705,0.8583333492279053,0.3590876049431362,0.3242330864783585,-2.9088881708692895
"28,29",1,0.5,complete,2,2,1,1,0.03291187435388565,0.029582133516669273,0.029582133516669273,1.0,0.9866666793823242,1.0,0.9866666793823242,1.0,1.0,0.044390592724084854,0.032009147107601166,0.032009147107601166,0.9900000095367432,0.8600000143051147,0.9900000095367432,0.8600000143051147,1.0,0.9933333396911621,0.7414155192397052,0.9241774989263756,-0.0024270135909318924
"28,29",2,0.5,complete,4,4,2,2,0.059291476383805275,0.053417256101965904,0.053417256101965904,1.0,0.9916666746139526,1.0,0.9866666793823242,1.0,1.0,0.07502716593444347,0.060395512729883194,0.060395512729883194,0.9825000166893005,0.9200000166893005,0.9750000238418579,0.8600000143051147,0.9950000047683716,0.9950000047683716,0.7902667739790734,0.8844573659118137,-0.00697825662791729
"28,29",5,0.5,complete,10,10,5,5,0.11241237446665764,0.09575447253882885,0.09575447253882885,1.0,0.9866666793823242,0.8500000238418579,0.8533333539962769,1.0,1.0,0.16142031364142895,0.12971018441021442,0.12971018441021442,0.9850000143051147,0.9599999785423279,0.9750000238418579,0.8600000143051147,0.9950000047683716,0.996666669845581,0.6963954655444723,0.7382186138599643,-0.033955711871385574
"28,29",10,0.5,complete,20,20,10,10,0.17400584556162357,0.1480696890503168,0.1480696890503168,0.9750000238418579,0.9483333230018616,0.8500000238418579,0.8433333039283752,0.9900000095367432,0.9850000143051147,0.2790999934077263,0.235532745718956,0.235532745718956,0.9850000143051147,0.9583333134651184,0.6449999809265137,0.6733333468437195,0.9950000047683716,0.9950000047683716,0.6234534205360056,0.6286586121956798,-0.08746305666863918
"28,29",16,0.5,complete,32,32,16,16,0.2363927662372589,0.20007786434143782,0.20007786434143782,0.9750000238418579,0.9383333325386047,0.8500000238418579,0.8133333325386047,0.9850000143051147,0.9800000190734863,0.3956278506666422,0.33355681598186493,0.33355681598186493,0.9775000214576721,0.9516666531562805,0.6449999809265137,0.6733333468437195,0.9925000071525574,0.9900000095367432,0.5975129552657417,0.599831437269493,-0.1334789516404271
"28,29",20,0.5,complete,40,40,20,20,0.274755259975791,0.2377568813972175,0.2377568813972175,0.9800000190734863,0.9416666626930237,0.8500000238418579,0.8133333325386047,0.987500011920929,0.9750000238418579,0.4675950538367033,0.40358816273510456,0.40358816273510456,0.9825000166893005,0.9566666483879089,0.6449999809265137,0.6733333468437195,0.9925000071525574,0.9900000095367432,0.5875923145922387,0.5891076680394847,-0.16583128133788705
"28,29",32,0.5,complete,64,64,32,32,0.37823390727862716,0.3121754436288029,0.3121754436288029,0.9574999809265137,0.9233333468437195,0.6399999856948853,0.33666667342185974,0.9750000238418579,0.9599999785423279,0.6684974525123835,0.5713393110781908,0.5713393110781908,0.9850000143051147,0.9566666483879089,0.6449999809265137,0.6733333468437195,0.9925000071525574,0.9916666746139526,0.5657970809868129,0.5463923759065128,-0.2591638674493879
"28,29",50,0.5,complete,100,100,50,50,0.5036821095272899,0.4056435648817569,0.4056435648817569,0.9474999904632568,0.8799999952316284,0.5899999737739563,0.33666667342185974,0.9549999833106995,0.9233333468437195,0.9270645901560783,0.7758887466043234,0.7758887466043234,0.9850000143051147,0.9566666483879089,0.6449999809265137,0.5799999833106995,0.9925000071525574,0.9900000095367432,0.543308540608256,0.5228115070067142,-0.3702451817225665
"28,29",100,0.5,complete,200,200,100,100,0.7723649111576378,0.6096326457336545,0.6096326457336545,0.9100000262260437,0.8183333277702332,0.5899999737739563,0.33666667342185974,0.9399999976158142,0.8866666555404663,1.519079403951764,1.2948279459960759,1.2948279459960759,0.9800000190734863,0.9583333134651184,0.6349999904632568,0.2433333396911621,0.9925000071525574,0.9866666793823242,0.5084427510164328,0.47082135322981516,-0.6851953002624214
"28,29",200,0.5,complete,311,400,200,200,1.1090152207762003,0.8486536349228118,0.8456280251557473,0.8575000166893005,0.7200000286102295,0.5049999952316284,0.28999999165534973,0.8999999761581421,0.8316666483879089,2.357016120105982,2.012635039864108,2.012635039864108,0.9700000286102295,0.9316666722297668,0.6100000143051147,0.2433333396911621,0.9800000190734863,0.9649999737739563,0.4705166041572656,0.4216629533490147,-1.1639814049412962
"28,29",500,0.5,complete,533,1000,500,500,1.4244161992392037,1.0793072847932308,1.0668159543288311,0.7124999761581421,0.6000000238418579,0.5,0.17000000178813934,0.7900000214576721,0.6933333277702332,3.741312540601939,3.276163439906668,3.276163439906668,0.9399999976158142,0.8899999856948853,0.5149999856948853,0.2133333384990692,0.9549999833106995,0.9333333373069763,0.3807263316766446,0.3294424422317521,-2.196856155113437
"28,29",1000,0.5,insufficient_candidates,533,1483,533,1000,,,,,,,,,,,,,,,,,,,,,
"28,29",1,0.6,complete,2,2,1,1,0.03291187435388565,0.029582133516669273,0.029582133516669273,1.0,0.9866666793823242,1.0,0.9866666793823242,1.0,1.0,0.044390592724084854,0.032009147107601166,0.032009147107601166,0.9900000095367432,0.8600000143051147,0.9900000095367432,0.8600000143051147,1.0,0.9933333396911621,0.7414155192397052,0.9241774989263756,-0.0024270135909318924
"28,29",2,0.6,complete,4,4,2,2,0.059291476383805275,0.053417256101965904,0.053417256101965904,1.0,0.9916666746139526,1.0,0.9866666793823242,1.0,1.0,0.07502716593444347,0.060395512729883194,0.060395512729883194,0.9825000166893005,0.9200000166893005,0.9750000238418579,0.8600000143051147,0.9950000047683716,0.9950000047683716,0.7902667739790734,0.8844573659118137,-0.00697825662791729
"28,29",5,0.6,complete,10,10,5,5,0.11241237446665764,0.09575447253882885,0.09575447253882885,1.0,0.9866666793823242,0.8500000238418579,0.8533333539962769,1.0,1.0,0.16142031364142895,0.12971018441021442,0.12971018441021442,0.9850000143051147,0.9599999785423279,0.9750000238418579,0.8600000143051147,0.9950000047683716,0.996666669845581,0.6963954655444723,0.7382186138599643,-0.033955711871385574
"28,29",10,0.6,complete,20,20,10,10,0.17400584556162357,0.1480696890503168,0.1480696890503168,0.9750000238418579,0.9483333230018616,0.8500000238418579,0.8433333039283752,0.9900000095367432,0.9850000143051147,0.2790999934077263,0.235532745718956,0.235532745718956,0.9850000143051147,0.9583333134651184,0.6449999809265137,0.6733333468437195,0.9950000047683716,0.9950000047683716,0.6234534205360056,0.6286586121956798,-0.08746305666863918
"28,29",16,0.6,complete,32,32,16,16,0.2363927662372589,0.20007786434143782,0.20007786434143782,0.9750000238418579,0.9383333325386047,0.8500000238418579,0.8133333325386047,0.9850000143051147,0.9800000190734863,0.3956278506666422,0.33355681598186493,0.33355681598186493,0.9775000214576721,0.9516666531562805,0.6449999809265137,0.6733333468437195,0.9925000071525574,0.9900000095367432,0.5975129552657417,0.599831437269493,-0.1334789516404271
"28,29",20,0.6,complete,40,40,20,20,0.274755259975791,0.2377568813972175,0.2377568813972175,0.9800000190734863,0.9416666626930237,0.8500000238418579,0.8133333325386047,0.987500011920929,0.9750000238418579,0.4675950538367033,0.40358816273510456,0.40358816273510456,0.9825000166893005,0.9566666483879089,0.6449999809265137,0.6733333468437195,0.9925000071525574,0.9900000095367432,0.5875923145922387,0.5891076680394847,-0.16583128133788705
"28,29",32,0.6,complete,64,64,32,32,0.37823390727862716,0.3121754436288029,0.3121754436288029,0.9574999809265137,0.9233333468437195,0.6399999856948853,0.33666667342185974,0.9750000238418579,0.9599999785423279,0.6684974525123835,0.5713393110781908,0.5713393110781908,0.9850000143051147,0.9566666483879089,0.6449999809265137,0.6733333468437195,0.9925000071525574,0.9916666746139526,0.5657970809868129,0.5463923759065128,-0.2591638674493879
"28,29",50,0.6,complete,100,100,50,50,0.5029792641289532,0.39950409275479615,0.39950409275479615,0.9474999904632568,0.8799999952316284,0.6399999856948853,0.33666667342185974,0.9549999833106995,0.9233333468437195,0.9270645901560783,0.7758887466043234,0.7758887466043234,0.9850000143051147,0.9566666483879089,0.6449999809265137,0.5799999833106995,0.9925000071525574,0.9900000095367432,0.5425503999071659,0.5148986816772708,-0.37638465384952724
"28,29",100,0.6,complete,187,200,100,100,0.7672738688997924,0.6027107222471386,0.6027107222471386,0.9150000214576721,0.8233333230018616,0.6100000143051147,0.33666667342185974,0.9424999952316284,0.8933333158493042,1.519079403951764,1.2948279459960759,1.2948279459960759,0.9800000190734863,0.9583333134651184,0.6349999904632568,0.2433333396911621,0.9925000071525574,0.9866666793823242,0.5050913513169822,0.4654755283208609,-0.6921172237489372
"28,29",200,0.6,complete,287,400,200,200,1.0959571909625083,0.8329800552746747,0.8299544455076102,0.8700000047683716,0.7233333587646484,0.6100000143051147,0.30666667222976685,0.9100000262260437,0.8366666436195374,2.357016120105982,2.012635039864108,2.012635039864108,0.9700000286102295,0.9316666722297668,0.6100000143051147,0.2433333396911621,0.9800000190734863,0.9649999737739563,0.46497653605917183,0.41387536178984397,-1.1796549845894333
"28,29",500,0.6,insufficient_candidates,410,986,410,500,,,,,,,,,,,,,,,,,,,,,
"28,29",1000,0.6,insufficient_candidates,410,1260,410,1000,,,,,,,,,,,,,,,,,,,,,
"28,29",1,0.7,complete,2,2,1,1,0.03291187435388565,0.029582133516669273,0.029582133516669273,1.0,0.9866666793823242,1.0,0.9866666793823242,1.0,1.0,0.044390592724084854,0.032009147107601166,0.032009147107601166,0.9900000095367432,0.8600000143051147,0.9900000095367432,0.8600000143051147,1.0,0.9933333396911621,0.7414155192397052,0.9241774989263756,-0.0024270135909318924
"28,29",2,0.7,complete,4,4,2,2,0.059291476383805275,0.053417256101965904,0.053417256101965904,1.0,0.9916666746139526,1.0,0.9866666793823242,1.0,1.0,0.07502716593444347,0.060395512729883194,0.060395512729883194,0.9825000166893005,0.9200000166893005,0.9750000238418579,0.8600000143051147,0.9950000047683716,0.9950000047683716,0.7902667739790734,0.8844573659118137,-0.00697825662791729
"28,29",5,0.7,complete,10,10,5,5,0.11241237446665764,0.09575447253882885,0.09575447253882885,1.0,0.9866666793823242,0.8500000238418579,0.8533333539962769,1.0,1.0,0.16142031364142895,0.12971018441021442,0.12971018441021442,0.9850000143051147,0.9599999785423279,0.9750000238418579,0.8600000143051147,0.9950000047683716,0.996666669845581,0.6963954655444723,0.7382186138599643,-0.033955711871385574
"28,29",10,0.7,complete,20,20,10,10,0.17400584556162357,0.1480696890503168,0.1480696890503168,0.9750000238418579,0.9483333230018616,0.8500000238418579,0.8433333039283752,0.9900000095367432,0.9850000143051147,0.2770051583647728,0.22772691398859024,0.22772691398859024,0.9850000143051147,0.9583333134651184,0.9700000286102295,0.8600000143051147,0.9950000047683716,0.9933333396911621,0.6281682499662511,0.650207243653842,-0.07965722493827343
"28,29",16,0.7,complete,32,32,16,16,0.2363927662372589,0.20007786434143782,0.20007786434143782,0.9750000238418579,0.9383333325386047,0.8500000238418579,0.8133333325386047,0.9850000143051147,0.9800000190734863,0.3913157507777214,0.322556272149086,0.322556272149086,0.9825000166893005,0.9566666483879089,0.8999999761581421,0.7300000190734863,0.9900000095367432,0.9883333444595337,0.6040972431276778,0.6202882461667387,-0.12247840780764818
"28,29",20,0.7,complete,40,40,20,20,0.274755259975791,0.2377568813972175,0.2377568813972175,0.9800000190734863,0.9416666626930237,0.8500000238418579,0.8133333325386047,0.987500011920929,0.9750000238418579,0.46283822879195213,0.3939151158556342,0.3939151158556342,0.9825000166893005,0.9566666483879089,0.8999999761581421,0.7300000190734863,0.9925000071525574,0.9883333444595337,0.5936313011414939,0.6035738965761165,-0.1561582344584167
"28,29",32,0.7,complete,64,64,32,32,0.37520047649741173,0.3121350575238466,0.3121350575238466,0.9650000035762787,0.9233333468437195,0.8349999785423279,0.4833333194255829,0.9800000190734863,0.9599999785423279,0.6615490429103374,0.5609766617417336,0.5609766617417336,0.9850000143051147,0.9583333134651184,0.8999999761581421,0.7066666483879089,0.9925000071525574,0.9916666746139526,0.5671544392941767,0.5564136243292588,-0.24884160421788692
"28,29",50,0.7,complete,100,100,50,50,0.49564578058198094,0.40127570857293904,0.40127570857293904,0.9474999904632568,0.8799999952316284,0.824999988079071,0.4833333194255829,0.9574999809265137,0.9366666674613953,0.9178943056613207,0.7637085346505046,0.7637085346505046,0.9850000143051147,0.9583333134651184,0.8149999976158142,0.5799999833106995,0.9925000071525574,0.9900000095367432,0.5399813219506576,0.5254304363071896,-0.36243282607756555
"28,29",100,0.7,complete,158,200,100,100,0.743248431943357,0.5876974544953555,0.5876974544953555,0.9225000143051147,0.8366666436195374,0.7049999833106995,0.4399999976158142,0.9474999904632568,0.9016666412353516,1.5033423164859414,1.2840418727137148,1.2840418727137148,0.9800000190734863,0.9599999785423279,0.8149999976158142,0.5199999809265137,0.9900000095367432,0.9866666793823242,0.49439733305764866,0.4576933719873996,-0.6963444182183594
"28,29",200,0.7,complete,258,400,200,200,1.019578912644647,0.7841324750625063,0.7811068652954418,0.8849999904632568,0.75,0.699999988079071,0.34333333373069763,0.9225000143051147,0.8533333539962769,2.324965598527342,2.005658047972247,2.005658047972247,0.9700000286102295,0.9383333325386047,0.7350000143051147,0.36666667461395264,0.9850000143051147,0.9700000286102295,0.4385350532887279,0.3909602017429028,-1.2215255729097407
"28,29",500,0.7,insufficient_candidates,275,891,275,500,,,,,,,,,,,,,,,,,,,,,
"28,29",1000,0.7,insufficient_candidates,275,1006,275,1000,,,,,,,,,,,,,,,,,,,,,
"28,29",1,0.75,complete,2,2,1,1,0.03291187435388565,0.029582133516669273,0.029582133516669273,1.0,0.9866666793823242,1.0,0.9866666793823242,1.0,1.0,0.044390592724084854,0.032009147107601166,0.032009147107601166,0.9900000095367432,0.8600000143051147,0.9900000095367432,0.8600000143051147,1.0,0.9933333396911621,0.7414155192397052,0.9241774989263756,-0.0024270135909318924
"28,29",2,0.75,complete,4,4,2,2,0.059291476383805275,0.053417256101965904,0.053417256101965904,1.0,0.9916666746139526,1.0,0.9866666793823242,1.0,1.0,0.07502716593444347,0.060395512729883194,0.060395512729883194,0.9825000166893005,0.9200000166893005,0.9750000238418579,0.8600000143051147,0.9950000047683716,0.9950000047683716,0.7902667739790734,0.8844573659118137,-0.00697825662791729
"28,29",5,0.75,complete,10,10,5,5,0.11241237446665764,0.09575447253882885,0.09575447253882885,1.0,0.9866666793823242,0.8500000238418579,0.8533333539962769,1.0,1.0,0.16142031364142895,0.12971018441021442,0.12971018441021442,0.9850000143051147,0.9599999785423279,0.9750000238418579,0.8600000143051147,0.9950000047683716,0.996666669845581,0.6963954655444723,0.7382186138599643,-0.033955711871385574
"28,29",10,0.75,complete,20,20,10,10,0.17400584556162357,0.1480696890503168,0.1480696890503168,0.9750000238418579,0.9483333230018616,0.8500000238418579,0.8433333039283752,0.9900000095367432,0.9850000143051147,0.2770051583647728,0.22772691398859024,0.22772691398859024,0.9850000143051147,0.9583333134651184,0.9700000286102295,0.8600000143051147,0.9950000047683716,0.9933333396911621,0.6281682499662511,0.650207243653842,-0.07965722493827343
"28,29",16,0.75,complete,32,32,16,16,0.2363927662372589,0.20007786434143782,0.20007786434143782,0.9750000238418579,0.9383333325386047,0.8500000238418579,0.8133333325386047,0.9850000143051147,0.9800000190734863,0.3913157507777214,0.322556272149086,0.322556272149086,0.9825000166893005,0.9566666483879089,0.8999999761581421,0.7300000190734863,0.9900000095367432,0.9883333444595337,0.6040972431276778,0.6202882461667387,-0.12247840780764818
"28,29",20,0.75,complete,40,40,20,20,0.274755259975791,0.2377568813972175,0.2377568813972175,0.9800000190734863,0.9416666626930237,0.8500000238418579,0.8133333325386047,0.987500011920929,0.9750000238418579,0.46283822879195213,0.3939151158556342,0.3939151158556342,0.9825000166893005,0.9566666483879089,0.8999999761581421,0.7300000190734863,0.9925000071525574,0.9883333444595337,0.5936313011414939,0.6035738965761165,-0.1561582344584167
"28,29",32,0.75,complete,64,64,32,32,0.37520047649741173,0.3121350575238466,0.3121350575238466,0.9650000035762787,0.9233333468437195,0.8349999785423279,0.4833333194255829,0.9800000190734863,0.9599999785423279,0.6615490429103374,0.5609766617417336,0.5609766617417336,0.9850000143051147,0.9583333134651184,0.8999999761581421,0.7066666483879089,0.9925000071525574,0.9916666746139526,0.5671544392941767,0.5564136243292588,-0.24884160421788692
"28,29",50,0.75,complete,100,100,50,50,0.49564578058198094,0.40127570857293904,0.40127570857293904,0.9474999904632568,0.8799999952316284,0.824999988079071,0.4833333194255829,0.9574999809265137,0.9366666674613953,0.9178943056613207,0.7637085346505046,0.7637085346505046,0.9850000143051147,0.9583333134651184,0.8149999976158142,0.5799999833106995,0.9925000071525574,0.9900000095367432,0.5399813219506576,0.5254304363071896,-0.36243282607756555
"28,29",100,0.75,complete,151,200,100,100,0.7340034747030586,0.5775779330870137,0.5775779330870137,0.9300000071525574,0.8416666388511658,0.75,0.4399999976158142,0.9549999833106995,0.9066666662693024,1.5033423164859414,1.2840418727137148,1.2840418727137148,0.9800000190734863,0.9599999785423279,0.8149999976158142,0.5199999809265137,0.9900000095367432,0.9866666793823242,0.4882477308420279,0.4498123817927768,-0.7064639396267012
"28,29",200,0.75,complete,235,400,200,200,0.9631284219794907,0.7440996484656353,0.7440996484656353,0.8949999809265137,0.7683333158493042,0.75,0.41333332657814026,0.9300000071525574,0.8666666746139526,2.3161887507885695,2.0006489700172096,2.0006489700172096,0.9700000286102295,0.9383333325386047,0.7599999904632568,0.36666667461395264,0.9850000143051147,0.9700000286102295,0.4158246695791023,0.37192913880301276,-1.2565493215515744
"28,29",500,0.75,insufficient_candidates,235,840,235,500,,,,,,,,,,,,,,,,,,,,,
"28,29",1000,0.75,insufficient_candidates,235,890,235,890,,,,,,,,,,,,,,,,,,,,,
"28,29",1,0.8,complete,2,2,1,1,0.03291187435388565,0.029582133516669273,0.029582133516669273,1.0,0.9866666793823242,1.0,0.9866666793823242,1.0,1.0,0.044390592724084854,0.032009147107601166,0.032009147107601166,0.9900000095367432,0.8600000143051147,0.9900000095367432,0.8600000143051147,1.0,0.9933333396911621,0.7414155192397052,0.9241774989263756,-0.0024270135909318924
"28,29",2,0.8,complete,4,4,2,2,0.059291476383805275,0.053417256101965904,0.053417256101965904,1.0,0.9916666746139526,1.0,0.9866666793823242,1.0,1.0,0.07502716593444347,0.060395512729883194,0.060395512729883194,0.9825000166893005,0.9200000166893005,0.9750000238418579,0.8600000143051147,0.9950000047683716,0.9950000047683716,0.7902667739790734,0.8844573659118137,-0.00697825662791729
"28,29",5,0.8,complete,10,10,5,5,0.11241237446665764,0.09575447253882885,0.09575447253882885,1.0,0.9866666793823242,0.8500000238418579,0.8533333539962769,1.0,1.0,0.16142031364142895,0.12971018441021442,0.12971018441021442,0.9850000143051147,0.9599999785423279,0.9750000238418579,0.8600000143051147,0.9950000047683716,0.996666669845581,0.6963954655444723,0.7382186138599643,-0.033955711871385574
"28,29",10,0.8,complete,20,20,10,10,0.17400584556162357,0.1480696890503168,0.1480696890503168,0.9750000238418579,0.9483333230018616,0.8500000238418579,0.8433333039283752,0.9900000095367432,0.9850000143051147,0.2770051583647728,0.22772691398859024,0.22772691398859024,0.9850000143051147,0.9583333134651184,0.9700000286102295,0.8600000143051147,0.9950000047683716,0.9933333396911621,0.6281682499662511,0.650207243653842,-0.07965722493827343
"28,29",16,0.8,complete,32,32,16,16,0.2363927662372589,0.20007786434143782,0.20007786434143782,0.9750000238418579,0.9383333325386047,0.8500000238418579,0.8133333325386047,0.9850000143051147,0.9800000190734863,0.3913157507777214,0.322556272149086,0.322556272149086,0.9825000166893005,0.9566666483879089,0.8999999761581421,0.7300000190734863,0.9900000095367432,0.9883333444595337,0.6040972431276778,0.6202882461667387,-0.12247840780764818
"28,29",20,0.8,complete,40,40,20,20,0.274755259975791,0.2377568813972175,0.2377568813972175,0.9800000190734863,0.9416666626930237,0.8500000238418579,0.8133333325386047,0.987500011920929,0.9750000238418579,0.46283822879195213,0.3939151158556342,0.3939151158556342,0.9825000166893005,0.9566666483879089,0.8999999761581421,0.7300000190734863,0.9925000071525574,0.9883333444595337,0.5936313011414939,0.6035738965761165,-0.1561582344584167
"28,29",32,0.8,complete,64,64,32,32,0.37520047649741173,0.3121350575238466,0.3121350575238466,0.9650000035762787,0.9233333468437195,0.8349999785423279,0.4833333194255829,0.9800000190734863,0.9599999785423279,0.6615490429103374,0.5609766617417336,0.5609766617417336,0.9850000143051147,0.9583333134651184,0.8999999761581421,0.7066666483879089,0.9925000071525574,0.9916666746139526,0.5671544392941767,0.5564136243292588,-0.24884160421788692
"28,29",50,0.8,complete,89,100,50,50,0.49564578058198094,0.40127570857293904,0.40127570857293904,0.9474999904632568,0.8799999952316284,0.824999988079071,0.4833333194255829,0.9574999809265137,0.9366666674613953,0.9178943056613207,0.7637085346505046,0.7637085346505046,0.9850000143051147,0.9583333134651184,0.8149999976158142,0.5799999833106995,0.9925000071525574,0.9900000095367432,0.5399813219506576,0.5254304363071896,-0.36243282607756555
"28,29",100,0.8,complete,139,200,100,100,0.7256076538469642,0.5742255634977482,0.5742255634977482,0.9300000071525574,0.8433333039283752,0.8149999976158142,0.4833333194255829,0.9524999856948853,0.9150000214576721,1.5033423164859414,1.2840418727137148,1.2840418727137148,0.9800000190734863,0.9599999785423279,0.8149999976158142,0.5199999809265137,0.9900000095367432,0.9866666793823242,0.4826629609835438,0.44720158719136677,-0.7098163092159666
"28,29",200,0.8,insufficient_candidates,188,400,188,200,,,,,,,,,,,,,,,,,,,,,
"28,29",500,0.8,insufficient_candidates,188,776,188,500,,,,,,,,,,,,,,,,,,,,,
"28,29",1000,0.8,insufficient_candidates,188,776,188,776,,,,,,,,,,,,,,,,,,,,,
"28,29",1,0.85,complete,2,2,1,1,0.03291187435388565,0.029582133516669273,0.029582133516669273,1.0,0.9866666793823242,1.0,0.9866666793823242,1.0,1.0,0.044390592724084854,0.032009147107601166,0.032009147107601166,0.9900000095367432,0.8600000143051147,0.9900000095367432,0.8600000143051147,1.0,0.9933333396911621,0.7414155192397052,0.9241774989263756,-0.0024270135909318924
"28,29",2,0.85,complete,4,4,2,2,0.059291476383805275,0.053417256101965904,0.053417256101965904,1.0,0.9916666746139526,1.0,0.9866666793823242,1.0,1.0,0.07502716593444347,0.060395512729883194,0.060395512729883194,0.9825000166893005,0.9200000166893005,0.9750000238418579,0.8600000143051147,0.9950000047683716,0.9950000047683716,0.7902667739790734,0.8844573659118137,-0.00697825662791729
"28,29",5,0.85,complete,10,10,5,5,0.11241237446665764,0.09575447253882885,0.09575447253882885,1.0,0.9866666793823242,0.8500000238418579,0.8533333539962769,1.0,1.0,0.16142031364142895,0.12971018441021442,0.12971018441021442,0.9850000143051147,0.9599999785423279,0.9750000238418579,0.8600000143051147,0.9950000047683716,0.996666669845581,0.6963954655444723,0.7382186138599643,-0.033955711871385574
"28,29",10,0.85,complete,20,20,10,10,0.17400584556162357,0.1480696890503168,0.1480696890503168,0.9750000238418579,0.9483333230018616,0.8500000238418579,0.8433333039283752,0.9900000095367432,0.9850000143051147,0.2770051583647728,0.22772691398859024,0.22772691398859024,0.9850000143051147,0.9583333134651184,0.9700000286102295,0.8600000143051147,0.9950000047683716,0.9933333396911621,0.6281682499662511,0.650207243653842,-0.07965722493827343
"28,29",16,0.85,complete,32,32,16,16,0.2363927662372589,0.20007786434143782,0.20007786434143782,0.9750000238418579,0.9383333325386047,0.8500000238418579,0.8133333325386047,0.9850000143051147,0.9800000190734863,0.3913157507777214,0.322556272149086,0.322556272149086,0.9825000166893005,0.9566666483879089,0.8999999761581421,0.7300000190734863,0.9900000095367432,0.9883333444595337,0.6040972431276778,0.6202882461667387,-0.12247840780764818
"28,29",20,0.85,complete,40,40,20,20,0.274755259975791,0.2377568813972175,0.2377568813972175,0.9800000190734863,0.9416666626930237,0.8500000238418579,0.8133333325386047,0.987500011920929,0.9750000238418579,0.46283822879195213,0.3939151158556342,0.3939151158556342,0.9825000166893005,0.9566666483879089,0.8999999761581421,0.7300000190734863,0.9925000071525574,0.9883333444595337,0.5936313011414939,0.6035738965761165,-0.1561582344584167
"28,29",32,0.85,complete,64,64,32,32,0.3749302257783711,0.31312974100001156,0.31312974100001156,0.9650000035762787,0.9233333468437195,0.8500000238418579,0.4833333194255829,0.9800000190734863,0.9599999785423279,0.6615490429103374,0.5609766617417336,0.5609766617417336,0.9850000143051147,0.9583333134651184,0.8999999761581421,0.7066666483879089,0.9925000071525574,0.9916666746139526,0.5667459272995834,0.5581867524181825,-0.247846920741722
"28,29",50,0.85,complete,82,100,50,50,0.4910742067731917,0.4012758678290993,0.4012758678290993,0.9524999856948853,0.8883333206176758,0.8500000238418579,0.4833333194255829,0.9599999785423279,0.9366666674613953,0.9175883727148175,0.7625445695593953,0.7625445695593953,0.9850000143051147,0.9599999785423279,0.8999999761581421,0.5799999833106995,0.9925000071525574,0.9900000095367432,0.5351791951333013,0.5262326739287644,-0.361268701730296
"28,29",100,0.85,complete,132,200,100,100,0.705549931852147,0.562218995008152,0.562218995008152,0.9399999976158142,0.8666666746139526,0.8500000238418579,0.4533333480358124,0.9574999809265137,0.925000011920929,1.4968159776180983,1.2782894442789257,1.2782894442789257,0.9825000166893005,0.9599999785423279,0.8550000190734863,0.5199999809265137,0.9925000071525574,0.9866666793823242,0.47136718367671177,0.4398213546426458,-0.7160704492707737
"28,29",200,0.85,insufficient_candidates,150,400,150,200,,,,,,,,,,,,,,,,,,,,,
"28,29",500,0.85,insufficient_candidates,150,657,150,500,,,,,,,,,,,,,,,,,,,,,
"28,29",1000,0.85,insufficient_candidates,150,657,150,657,,,,,,,,,,,,,,,,,,,,,
"28,29",1,0.9,complete,2,2,1,1,0.03291187435388565,0.029582133516669273,0.029582133516669273,1.0,0.9866666793823242,1.0,0.9866666793823242,1.0,1.0,0.044390592724084854,0.032009147107601166,0.032009147107601166,0.9900000095367432,0.8600000143051147,0.9900000095367432,0.8600000143051147,1.0,0.9933333396911621,0.7414155192397052,0.9241774989263756,-0.0024270135909318924
"28,29",2,0.9,complete,4,4,2,2,0.059291476383805275,0.053417256101965904,0.053417256101965904,1.0,0.9916666746139526,1.0,0.9866666793823242,1.0,1.0,0.07502716593444347,0.060395512729883194,0.060395512729883194,0.9825000166893005,0.9200000166893005,0.9750000238418579,0.8600000143051147,0.9950000047683716,0.9950000047683716,0.7902667739790734,0.8844573659118137,-0.00697825662791729
"28,29",5,0.9,complete,10,10,5,5,0.10683512408286333,0.09271634835749865,0.09271634835749865,1.0,0.9866666793823242,0.9800000190734863,0.9599999785423279,1.0,1.0,0.16142031364142895,0.12971018441021442,0.12971018441021442,0.9850000143051147,0.9599999785423279,0.9750000238418579,0.8600000143051147,0.9950000047683716,0.996666669845581,0.6618443594415357,0.7147962110999622,-0.03699383605271578
"28,29",10,0.9,complete,20,20,10,10,0.16512281820178032,0.14190693199634552,0.14190693199634552,0.9825000166893005,0.9583333134651184,0.9399999976158142,0.8233333230018616,0.9975000023841858,0.9916666746139526,0.2770051583647728,0.22772691398859024,0.22772691398859024,0.9850000143051147,0.9583333134651184,0.9700000286102295,0.8600000143051147,0.9950000047683716,0.9933333396911621,0.5961001563167253,0.623145193999579,-0.08581998199224472
"28,29",16,0.9,complete,32,32,16,16,0.22521252557635307,0.19624472223222256,0.19624472223222256,0.9825000166893005,0.9583333134651184,0.9399999976158142,0.8133333325386047,0.9925000071525574,0.9850000143051147,0.3913157507777214,0.322556272149086,0.322556272149086,0.9825000166893005,0.9566666483879089,0.8999999761581421,0.7300000190734863,0.9900000095367432,0.9883333444595337,0.5755263495751293,0.608404607743972,-0.12631154991686344
"28,29",20,0.9,complete,40,40,20,20,0.26266022119671106,0.23179674660786986,0.23179674660786986,0.9825000166893005,0.949999988079071,0.9399999976158142,0.8133333325386047,0.9900000095367432,0.9750000238418579,0.46283822879195213,0.3939151158556342,0.3939151158556342,0.9825000166893005,0.9566666483879089,0.8999999761581421,0.7300000190734863,0.9925000071525574,0.9883333444595337,0.5674989766560057,0.588443391171668,-0.16211836924776435
"28,29",32,0.9,complete,59,64,32,32,0.35515726963058114,0.30198203050531447,0.30198203050531447,0.9725000262260437,0.9316666722297668,0.9049999713897705,0.4833333194255829,0.987500011920929,0.9700000286102295,0.6615490429103374,0.5609766617417336,0.5609766617417336,0.9850000143051147,0.9583333134651184,0.8999999761581421,0.7066666483879089,0.9925000071525574,0.9916666746139526,0.5368570530586001,0.5383147840192024,-0.2589946312364191
"28,29",50,0.9,complete,77,100,50,50,0.4588421666994691,0.37919467012397945,0.37919467012397945,0.9574999809265137,0.9133333563804626,0.8999999761581421,0.4833333194255829,0.9800000190734863,0.9599999785423279,0.9175883727148175,0.7625445695593953,0.7625445695593953,0.9850000143051147,0.9599999785423279,0.8999999761581421,0.5799999833106995,0.9925000071525574,0.9900000095367432,0.5000522896142617,0.4972754187248115,-0.38334989943541586
"28,29",100,0.9,complete,109,200,100,100,0.6078029075579252,0.4980656948755495,0.4980656948755495,0.949999988079071,0.8866666555404663,0.8999999761581421,0.4833333194255829,0.9649999737739563,0.9399999976158142,1.4931502537801862,1.2789956545457244,1.2789956545457244,0.9850000143051147,0.9599999785423279,0.8999999761581421,0.5199999809265137,0.9950000047683716,0.9900000095367432,0.40706078039980215,0.38941938004664545,-0.7809299596701749
"28,29",200,0.9,insufficient_candidates,109,395,109,200,,,,,,,,,,,,,,,,,,,,,
"28,29",500,0.9,insufficient_candidates,109,525,109,500,,,,,,,,,,,,,,,,,,,,,
"28,29",1000,0.9,insufficient_candidates,109,525,109,525,,,,,,,,,,,,,,,,,,,,,
"28,29",1,0.95,complete,2,2,1,1,0.03291187435388565,0.029582133516669273,0.029582133516669273,1.0,0.9866666793823242,1.0,0.9866666793823242,1.0,1.0,0.044390592724084854,0.032009147107601166,0.032009147107601166,0.9900000095367432,0.8600000143051147,0.9900000095367432,0.8600000143051147,1.0,0.9933333396911621,0.7414155192397052,0.9241774989263756,-0.0024270135909318924
"28,29",2,0.95,complete,4,4,2,2,0.059291476383805275,0.053417256101965904,0.053417256101965904,1.0,0.9916666746139526,1.0,0.9866666793823242,1.0,1.0,0.07502716593444347,0.060395512729883194,0.060395512729883194,0.9825000166893005,0.9200000166893005,0.9750000238418579,0.8600000143051147,0.9950000047683716,0.9950000047683716,0.7902667739790734,0.8844573659118137,-0.00697825662791729
"28,29",5,0.95,complete,10,10,5,5,0.10683512408286333,0.09271634835749865,0.09271634835749865,1.0,0.9866666793823242,0.9800000190734863,0.9599999785423279,1.0,1.0,0.16142031364142895,0.12971018441021442,0.12971018441021442,0.9850000143051147,0.9599999785423279,0.9750000238418579,0.8600000143051147,0.9950000047683716,0.996666669845581,0.6618443594415357,0.7147962110999622,-0.03699383605271578
"28,29",10,0.95,complete,20,20,10,10,0.16079304926097393,0.13413234893232584,0.13413234893232584,0.9825000166893005,0.9583333134651184,0.9549999833106995,0.8133333325386047,0.9950000047683716,0.9916666746139526,0.2770051583647728,0.22772691398859024,0.22772691398859024,0.9850000143051147,0.9583333134651184,0.9700000286102295,0.8600000143051147,0.9950000047683716,0.9933333396911621,0.5804695125902112,0.5890052545086798,-0.0935945650562644
"28,29",16,0.95,complete,28,32,16,16,0.21914974227547646,0.19251287588849664,0.19251287588849664,0.9850000143051147,0.9583333134651184,0.949999988079071,0.8133333325386047,0.9900000095367432,0.9800000190734863,0.3887525834143162,0.32688283640891314,0.32688283640891314,0.987500011920929,0.9599999785423279,0.9700000286102295,0.8233333230018616,0.9950000047683716,0.9916666746139526,0.563725494376756,0.5889354057356294,-0.1343699605204165
"28,29",20,0.95,complete,32,40,20,20,0.25416605081409216,0.2223576046526432,0.2223576046526432,0.9825000166893005,0.9583333134651184,0.949999988079071,0.8133333325386047,0.9900000095367432,0.9750000238418579,0.4576567355543375,0.38766513392329216,0.38766513392329216,0.9900000095367432,0.9616666436195374,0.9649999737739563,0.79666668176651,0.9950000047683716,0.9933333396911621,0.5553639465313083,0.5735816435239219,-0.16530752927064896
"28,29",32,0.95,complete,44,64,32,32,0.3260649531148374,0.2847603792324662,0.2847603792324662,0.9850000143051147,0.9583333134651184,0.949999988079071,0.79666668176651,0.9900000095367432,0.9750000238418579,0.6432137936353683,0.5415256735868752,0.5415256735868752,0.9900000095367432,0.9683333337306976,0.949999988079071,0.5799999833106995,0.9950000047683716,0.9933333396911621,0.5069309090403004,0.5258483450033197,-0.256765294354409
"28,29",50,0.95,complete,55,100,50,50,0.37872227176558226,0.3264208862092346,0.3264208862092346,0.9800000190734863,0.9516666531562805,0.949999988079071,0.5866666436195374,0.9850000143051147,0.971666693687439,0.8837040457874537,0.7464652601629496,0.7464652601629496,0.9900000095367432,0.971666693687439,0.949999988079071,0.5799999833106995,0.9950000047683716,0.9933333396911621,0.4285623377769073,0.4372887843943047,-0.42004437395371497
"28,29",100,0.95,insufficient_candidates,55,200,55,100,,,,,,,,,,,,,,,,,,,,,
"28,29",200,0.95,insufficient_candidates,55,322,55,200,,,,,,,,,,,,,,,,,,,,,
"28,29",500,0.95,insufficient_candidates,55,327,55,327,,,,,,,,,,,,,,,,,,,,,
"28,29",1000,0.95,insufficient_candidates,55,327,55,327,,,,,,,,,,,,,,,,,,,,,
