model,condition,scope,cell_count,mean_sufficiency,median_sufficiency,mean_necessity,median_necessity,mean_strict_flip_rate,mean_strict_drop_rate,both_behavioral_rate_one_fraction
Qwen3-1.7B,target_norm_aligned,all,16,0.8735028238399485,0.8926207896626568,1.3426803404653422,1.2110739515091689,0.905625,0.9253472222222223,0.4375
Qwen3-1.7B,target_norm_aligned,diagonal,4,1.0455755403692253,1.0512739308679713,1.034394586132817,1.021963098035522,0.99,0.9441666666666667,0.5
Qwen3-1.7B,target_norm_aligned,off_diagonal,12,0.8161452516635229,0.7453889516203562,1.4454422585761837,1.3079028321823094,0.8775000000000001,0.9190740740740742,0.4166666666666667
Qwen3-1.7B,raw_1p5,all,16,0.7163523987258831,0.6801377387839119,3.2695696973943162,2.872669099974124,0.833125,0.8375,0.5625
Qwen3-1.7B,raw_1p5,diagonal,4,0.9653582185133589,0.9845329976270649,2.6923402584323126,2.75930751920548,1.0,1.0,1.0
Qwen3-1.7B,raw_1p5,off_diagonal,12,0.6333504587967244,0.6245555818914434,3.461979510381651,3.461810767063679,0.7775,0.7833333333333333,0.4166666666666667
Qwen3-14B,target_norm_aligned,all,16,0.6107755519311833,0.6296630824433171,0.25657295822709825,0.12610280773715668,0.561875,0.18812500000000001,0.0
Qwen3-14B,target_norm_aligned,diagonal,4,0.6480605596317686,0.6564093834035688,0.1370822210404958,0.13559543929434253,0.63,0.07,0.0
Qwen3-14B,target_norm_aligned,off_diagonal,12,0.5983472160309882,0.6296630824433171,0.29640320395596575,0.12610280773715668,0.5391666666666667,0.2275,0.0
Qwen3-14B,raw_1p5,all,16,0.7644318672586938,0.754112236147515,0.4678563616422938,0.3124498623156742,0.743125,0.30062500000000003,0.0625
Qwen3-14B,raw_1p5,diagonal,4,0.8001320563215198,0.7992639014481867,0.2576816050699964,0.23735454478654722,0.85,0.135,0.0
Qwen3-14B,raw_1p5,off_diagonal,12,0.7525318042377517,0.7114549296976311,0.5379146138330598,0.382243110996652,0.7075,0.3558333333333334,0.08333333333333333
Qwen3-4B,target_norm_aligned,all,16,0.8793153128400621,0.8626341655963418,0.746118573257927,0.7576257532935864,0.84625,0.980625,0.375
Qwen3-4B,target_norm_aligned,diagonal,4,0.9653543342679968,0.9640088485613549,0.7043653194887525,0.7116823584569266,0.95,0.955,0.5
Qwen3-4B,target_norm_aligned,off_diagonal,12,0.8506356390307507,0.839140396997496,0.7600363245143185,0.7689554345684868,0.8116666666666666,0.9891666666666666,0.3333333333333333
Qwen3-4B,raw_1p5,all,16,0.9422903066763386,0.9988408769415379,1.366693318064866,1.2638924498775834,0.95375,1.0,0.6875
Qwen3-4B,raw_1p5,diagonal,4,1.0663639248062935,1.0494166386044634,1.2962826197887072,1.3172166530648344,1.0,1.0,1.0
Qwen3-4B,raw_1p5,off_diagonal,12,0.9009324339663535,0.8883247032053421,1.3901635508235854,1.230724611819662,0.9383333333333334,1.0,0.5833333333333334
Qwen3-8B,target_norm_aligned,all,16,0.8623970322308705,0.8739842949812225,0.9178270243017066,0.850189038096473,0.9781249999999999,0.964375,0.4375
Qwen3-8B,target_norm_aligned,diagonal,4,0.9572646794784365,0.9479931016974379,0.839350719204061,0.850189038096473,0.9975,0.975,0.5
Qwen3-8B,target_norm_aligned,off_diagonal,12,0.8307744831483487,0.8539292330594296,0.9439857926675885,0.8651173865850064,0.9716666666666667,0.9608333333333333,0.4166666666666667
Qwen3-8B,raw_1p5,all,16,0.9588568285864681,0.9884742320385886,1.5413923877039222,1.4179255382419411,0.99875,1.0,0.9375
Qwen3-8B,raw_1p5,diagonal,4,1.0864466423277266,1.0766339504992253,1.3715528365477525,1.3496610669024462,1.0,1.0,1.0
Qwen3-8B,raw_1p5,off_diagonal,12,0.9163268906727153,0.9075119221028984,1.5980055714226455,1.4904180781420044,0.9983333333333334,1.0,0.9166666666666666
