phase,layer,n_train_pairs,baseline_corrupt_top1_rate,paired_replace_top1_rate,strict_flip_count,strict_flip_rate,mean_patched_tool_logit,mean_patched_tool_probability
coarse_train,14,64,0.0,0.0,0,0.0,18.708984375,0.055225788291863864
coarse_train,18,64,0.0,0.015625,1,0.015625,19.22265625,0.11426344919891562
coarse_train,19,64,0.0,0.015625,1,0.015625,19.248046875,0.11925457803590689
coarse_train,21,64,0.0,0.109375,7,0.109375,19.236328125,0.176001677144086
coarse_train,22,64,0.0,0.203125,13,0.203125,19.361328125,0.23016274260589853
coarse_train,24,64,0.0,0.53125,34,0.53125,19.5,0.347871087375097
coarse_train,26,64,0.0,0.625,40,0.625,19.388671875,0.39045949187129736
coarse_train,27,64,0.0,0.59375,38,0.59375,19.353515625,0.38767066062428057
fine_train,24,64,0.0,0.53125,34,0.53125,19.5,0.347871087375097
fine_train,25,64,0.0,0.625,40,0.625,19.44140625,0.3849477570038289
fine_train,26,64,0.0,0.625,40,0.625,19.388671875,0.39045949187129736
fine_train,27,64,0.0,0.59375,38,0.59375,19.353515625,0.38767066062428057
fine_train,28,64,0.0,0.96875,62,0.96875,19.4140625,0.583772131241858
