domain,variant,heads,n_heads,n_test_pairs,baseline_clean_tool_top1_rate,baseline_corrupt_tool_top1_rate,sum_delta_attention_clean_minus_corrupt,sum_delta_raw_tool_unembedding_write,rescue_patched_tool_top1_rate,rescue_strict_recovery_rate,rescue_mean_tool_logit_delta,ablation_patched_tool_top1_rate,ablation_strict_loss_rate,ablation_mean_tool_logit_delta
D3,L19H31,L19H31,1,100,1.0,0.0,0.05196927487850189,0.03540545329451561,0.0,0.0,1.056249976158142,1.0,0.0,-0.6700000166893005
D3,L20H29,L20H29,1,100,1.0,0.0,-0.003937462344765663,0.021680960431694984,0.0,0.0,0.5325000286102295,1.0,0.0,-0.2162500023841858
D3,L20H14,L20H14,1,100,1.0,0.0,-0.012873836793005466,0.0658867359161377,0.0,0.0,1.0800000429153442,1.0,0.0,-0.39250001311302185
D3,all_3,L19H31+L20H29+L20H14,3,100,1.0,0.0,0.03515797108411789,0.12297314405441284,0.0,0.0,2.315000057220459,1.0,0.0,-1.3962500095367432
D4,L19H31,L19H31,1,100,1.0,0.0,0.056721676141023636,0.07820380479097366,0.0,0.0,0.9975000023841858,1.0,0.0,-0.5987499952316284
D4,L20H29,L20H29,1,100,1.0,0.0,-0.011329188011586666,0.005632362328469753,0.0,0.0,0.7612500190734863,1.0,0.0,-0.2150000035762787
D4,L20H14,L20H14,1,100,1.0,0.0,-0.03538334742188454,0.032202575355768204,0.0,0.0,0.5862500071525574,1.0,0.0,-0.1537500023841858
D4,all_3,L19H31+L20H29+L20H14,3,100,1.0,0.0,0.010009140707552433,0.1160387396812439,0.0,0.0,2.096250057220459,1.0,0.0,-0.9412500262260437
D5,L19H31,L19H31,1,100,1.0,0.0,-0.026198826730251312,0.08055268973112106,0.0,0.0,2.1762499809265137,1.0,0.0,-0.53125
D5,L20H29,L20H29,1,100,1.0,0.0,0.007627543061971664,0.006393294781446457,0.0,0.0,0.2893750071525574,1.0,0.0,-0.054999999701976776
D5,L20H14,L20H14,1,100,1.0,0.0,-0.024653086438775063,0.04038027301430702,0.0,0.0,0.9362499713897705,1.0,0.0,-0.10000000149011612
D5,all_3,L19H31+L20H29+L20H14,3,100,1.0,0.0,-0.04322437196969986,0.12732626497745514,0.0,0.0,2.807499885559082,1.0,0.0,-0.5674999952316284
