model_key,model_label,variant,manipulation,cosine,strict_flip,strict_flip_count,strict_flip_denominator,strict_drop,strict_drop_count,strict_drop_denominator
qwen3_4b,Qwen3-4B,V1,Renamed,0.9812523126602173,1.0,300,300,1.0,300,300
qwen3_4b,Qwen3-4B,V2,Removed,0.8877917528152466,1.0,287,287,1.0,230,230
qwen3_4b,Qwen3-4B,V5,Mismatched,0.6546322107315063,0.9933333333333333,298,300,,0,0
qwen3_8b,Qwen3-8B,V1,Renamed,0.9939149618148804,1.0,300,300,1.0,300,300
qwen3_8b,Qwen3-8B,V2,Removed,0.920046329498291,1.0,245,245,1.0,299,299
qwen3_8b,Qwen3-8B,V5,Mismatched,0.6223973035812378,1.0,300,300,1.0,3,3
qwen3_14b,Qwen3-14B,V1,Renamed,0.9850189685821533,1.0,300,300,1.0,296,296
qwen3_14b,Qwen3-14B,V2,Removed,0.712005615234375,1.0,300,300,1.0,137,137
qwen3_14b,Qwen3-14B,V5,Mismatched,0.5440255403518677,0.9966666666666667,299,300,1.0,14,14
qwen35_4b,Qwen3.5-4B,V1,Renamed,0.9983217716217041,0.3466666666666667,104,300,0.9748201438848921,271,278
qwen35_4b,Qwen3.5-4B,V2,Removed,0.9101238250732422,0.16778523489932887,50,298,0.9238095238095239,97,105
qwen35_4b,Qwen3.5-4B,V5,Mismatched,0.9318378567695618,0.06666666666666667,20,300,0.9727891156462585,143,147
qwen35_9b,Qwen3.5-9B,V1,Renamed,0.9696030616760254,0.8040540540540541,238,296,0.6566666666666666,197,300
qwen35_9b,Qwen3.5-9B,V2,Removed,0.889825701713562,0.6789297658862876,203,299,1.0,289,289
qwen35_9b,Qwen3.5-9B,V5,Mismatched,0.8871293067932129,0.18333333333333332,55,300,1.0,285,285
mistral_3p2_24b,Mistral,V1,Renamed,0.9851226806640625,1.0,300,300,0.9966666666666667,299,300
mistral_3p2_24b,Mistral,V2,Removed,0.8957229256629944,1.0,283,283,1.0,299,299
mistral_3p2_24b,Mistral,V5,Mismatched,0.6295726299285889,1.0,298,298,1.0,30,30
granite_3p3_8b,Granite,V1,Renamed,0.9763070940971375,1.0,283,283,0.9366666666666666,281,300
granite_3p3_8b,Granite,V2,Removed,0.8778020739555359,1.0,300,300,1.0,199,199
granite_3p3_8b,Granite,V5,Mismatched,0.780021071434021,0.83,249,300,1.0,9,9
