filename,candidate_id,domain,source_id,source_group,split,clean_verb,corrupt_verb,models
d4_0001.txt,D4:v4_d4_final_grid:62c11c82a712:activity_1:6723:run:review,D4,activity_1:6723,activity_1,test,run,review,Qwen3-1.7B;Qwen3-14B;Qwen3-4B;Qwen3-8B
d4_0002.txt,D4:v4_d4_final_grid:62c11c82a712:aircraft:4810:submit:detail,D4,aircraft:4810,aircraft,test,submit,detail,Qwen3-1.7B;Qwen3-14B;Qwen3-4B;Qwen3-8B
d4_0003.txt,D4:v4_d4_final_grid:62c11c82a712:aircraft:4814:submit:outline,D4,aircraft:4814,aircraft,test,submit,outline,Qwen3-1.7B;Qwen3-14B;Qwen3-4B;Qwen3-8B
d4_0004.txt,D4:v4_d4_final_grid:62c11c82a712:aircraft:4833:submit:detail,D4,aircraft:4833,aircraft,test,submit,detail,Qwen3-1.7B;Qwen3-14B;Qwen3-4B;Qwen3-8B
d4_0005.txt,D4:v4_d4_final_grid:62c11c82a712:aircraft:4834:execute:discuss,D4,aircraft:4834,aircraft,test,execute,discuss,Qwen3-1.7B;Qwen3-14B;Qwen3-4B;Qwen3-8B
d4_0006.txt,D4:v4_d4_final_grid:62c11c82a712:allergy_1:508:submit:discuss,D4,allergy_1:508,allergy_1,train,submit,discuss,Qwen3-1.7B;Qwen3-14B;Qwen3-4B;Qwen3-8B
d4_0007.txt,D4:v4_d4_final_grid:62c11c82a712:apartment_rentals:1233:issue:review,D4,apartment_rentals:1233,apartment_rentals,train,issue,review,Qwen3-1.7B;Qwen3-14B;Qwen3-4B;Qwen3-8B
d4_0008.txt,D4:v4_d4_final_grid:62c11c82a712:apartment_rentals:1235:execute:review,D4,apartment_rentals:1235,apartment_rentals,train,execute,review,Qwen3-1.7B;Qwen3-14B;Qwen3-4B;Qwen3-8B
d4_0009.txt,D4:v4_d4_final_grid:62c11c82a712:apartment_rentals:1238:submit:review,D4,apartment_rentals:1238,apartment_rentals,train,submit,review,Qwen3-1.7B;Qwen3-14B;Qwen3-4B;Qwen3-8B
d4_0010.txt,D4:v4_d4_final_grid:62c11c82a712:apartment_rentals:1251:run:detail,D4,apartment_rentals:1251,apartment_rentals,train,run,detail,Qwen3-1.7B;Qwen3-14B;Qwen3-4B;Qwen3-8B
d4_0011.txt,D4:v4_d4_final_grid:62c11c82a712:apartment_rentals:1271:issue:review,D4,apartment_rentals:1271,apartment_rentals,train,issue,review,Qwen3-1.7B;Qwen3-14B;Qwen3-4B;Qwen3-8B
d4_0012.txt,D4:v4_d4_final_grid:62c11c82a712:architecture:6946:submit:review,D4,architecture:6946,architecture,train,submit,review,Qwen3-1.7B;Qwen3-14B;Qwen3-4B;Qwen3-8B
d4_0013.txt,D4:v4_d4_final_grid:62c11c82a712:architecture:6951:run:describe,D4,architecture:6951,architecture,train,run,describe,Qwen3-1.7B;Qwen3-14B;Qwen3-4B;Qwen3-8B
d4_0014.txt,D4:v4_d4_final_grid:62c11c82a712:architecture:6958:submit:outline,D4,architecture:6958,architecture,train,submit,outline,Qwen3-1.7B;Qwen3-14B;Qwen3-4B;Qwen3-8B
d4_0015.txt,D4:v4_d4_final_grid:62c11c82a712:assets_maintenance:3142:submit:detail,D4,assets_maintenance:3142,assets_maintenance,train,submit,detail,Qwen3-1.7B;Qwen3-14B;Qwen3-4B;Qwen3-8B
d4_0016.txt,D4:v4_d4_final_grid:62c11c82a712:assets_maintenance:3150:launch:detail,D4,assets_maintenance:3150,assets_maintenance,train,launch,detail,Qwen3-1.7B;Qwen3-14B;Qwen3-4B;Qwen3-8B
d4_0017.txt,D4:v4_d4_final_grid:62c11c82a712:baseball_1:3639:execute:describe,D4,baseball_1:3639,baseball_1,train,execute,describe,Qwen3-1.7B;Qwen3-14B;Qwen3-4B;Qwen3-8B
d4_0018.txt,D4:v4_d4_final_grid:62c11c82a712:baseball_1:3645:run:describe,D4,baseball_1:3645,baseball_1,train,run,describe,Qwen3-1.7B;Qwen3-14B;Qwen3-4B;Qwen3-8B
d4_0019.txt,D4:v4_d4_final_grid:62c11c82a712:baseball_1:3663:launch:review,D4,baseball_1:3663,baseball_1,train,launch,review,Qwen3-1.7B;Qwen3-14B;Qwen3-4B;Qwen3-8B
d4_0020.txt,D4:v4_d4_final_grid:62c11c82a712:baseball_1:3689:issue:describe,D4,baseball_1:3689,baseball_1,train,issue,describe,Qwen3-1.7B;Qwen3-14B;Qwen3-4B;Qwen3-8B
d4_0021.txt,D4:v4_d4_final_grid:62c11c82a712:behavior_monitoring:3105:execute:describe,D4,behavior_monitoring:3105,behavior_monitoring,train,execute,describe,Qwen3-1.7B;Qwen3-14B;Qwen3-4B;Qwen3-8B
d4_0022.txt,D4:v4_d4_final_grid:62c11c82a712:behavior_monitoring:3106:run:detail,D4,behavior_monitoring:3106,behavior_monitoring,train,run,detail,Qwen3-1.7B;Qwen3-14B;Qwen3-4B;Qwen3-8B
d4_0023.txt,D4:v4_d4_final_grid:62c11c82a712:bike_1:123:launch:detail,D4,bike_1:123,bike_1,test,launch,detail,Qwen3-1.7B;Qwen3-14B;Qwen3-4B;Qwen3-8B
d4_0024.txt,D4:v4_d4_final_grid:62c11c82a712:bike_1:124:launch:detail,D4,bike_1:124,bike_1,test,launch,detail,Qwen3-1.7B;Qwen3-14B;Qwen3-4B;Qwen3-8B
d4_0025.txt,D4:v4_d4_final_grid:62c11c82a712:bike_1:156:launch:detail,D4,bike_1:156,bike_1,test,launch,detail,Qwen3-1.7B;Qwen3-14B;Qwen3-4B;Qwen3-8B
d4_0026.txt,D4:v4_d4_final_grid:62c11c82a712:bike_1:181:execute:detail,D4,bike_1:181,bike_1,test,execute,detail,Qwen3-1.7B;Qwen3-14B;Qwen3-4B;Qwen3-8B
d4_0027.txt,D4:v4_d4_final_grid:62c11c82a712:bike_1:185:issue:detail,D4,bike_1:185,bike_1,test,issue,detail,Qwen3-1.7B;Qwen3-14B;Qwen3-4B;Qwen3-8B
d4_0028.txt,D4:v4_d4_final_grid:62c11c82a712:body_builder:1157:issue:discuss,D4,body_builder:1157,body_builder,train,issue,discuss,Qwen3-1.7B;Qwen3-14B;Qwen3-4B;Qwen3-8B
d4_0029.txt,D4:v4_d4_final_grid:62c11c82a712:body_builder:1159:submit:detail,D4,body_builder:1159,body_builder,train,submit,detail,Qwen3-1.7B;Qwen3-14B;Qwen3-4B;Qwen3-8B
d4_0030.txt,D4:v4_d4_final_grid:62c11c82a712:body_builder:1162:run:detail,D4,body_builder:1162,body_builder,train,run,detail,Qwen3-1.7B;Qwen3-14B;Qwen3-4B;Qwen3-8B
d4_0031.txt,D4:v4_d4_final_grid:62c11c82a712:book_2:220:run:discuss,D4,book_2:220,book_2,train,run,discuss,Qwen3-1.7B;Qwen3-14B;Qwen3-4B;Qwen3-8B
d4_0032.txt,D4:v4_d4_final_grid:62c11c82a712:book_2:221:issue:discuss,D4,book_2:221,book_2,train,issue,discuss,Qwen3-1.7B;Qwen3-14B;Qwen3-4B;Qwen3-8B
d4_0033.txt,D4:v4_d4_final_grid:62c11c82a712:book_2:224:execute:describe,D4,book_2:224,book_2,train,execute,describe,Qwen3-1.7B;Qwen3-14B;Qwen3-4B;Qwen3-8B
d4_0034.txt,D4:v4_d4_final_grid:62c11c82a712:browser_web:1828:submit:detail,D4,browser_web:1828,browser_web,train,submit,detail,Qwen3-1.7B;Qwen3-14B;Qwen3-4B;Qwen3-8B
d4_0035.txt,D4:v4_d4_final_grid:62c11c82a712:candidate_poll:2403:submit:review,D4,candidate_poll:2403,candidate_poll,train,submit,review,Qwen3-1.7B;Qwen3-14B;Qwen3-4B;Qwen3-8B
d4_0036.txt,D4:v4_d4_final_grid:62c11c82a712:chinook_1:826:launch:outline,D4,chinook_1:826,chinook_1,train,launch,outline,Qwen3-1.7B;Qwen3-14B;Qwen3-4B;Qwen3-8B
d4_0037.txt,D4:v4_d4_final_grid:62c11c82a712:chinook_1:869:issue:describe,D4,chinook_1:869,chinook_1,train,issue,describe,Qwen3-1.7B;Qwen3-14B;Qwen3-4B;Qwen3-8B
d4_0038.txt,D4:v4_d4_final_grid:62c11c82a712:chinook_1:889:issue:describe,D4,chinook_1:889,chinook_1,train,issue,describe,Qwen3-1.7B;Qwen3-14B;Qwen3-4B;Qwen3-8B
d4_0039.txt,D4:v4_d4_final_grid:62c11c82a712:chinook_1:890:issue:describe,D4,chinook_1:890,chinook_1,train,issue,describe,Qwen3-1.7B;Qwen3-14B;Qwen3-4B;Qwen3-8B
d4_0040.txt,D4:v4_d4_final_grid:62c11c82a712:cinema:1935:execute:review,D4,cinema:1935,cinema,train,execute,review,Qwen3-1.7B;Qwen3-14B;Qwen3-4B;Qwen3-8B
d4_0041.txt,D4:v4_d4_final_grid:62c11c82a712:cinema:1938:run:discuss,D4,cinema:1938,cinema,train,run,discuss,Qwen3-1.7B;Qwen3-14B;Qwen3-4B;Qwen3-8B
d4_0042.txt,D4:v4_d4_final_grid:62c11c82a712:cinema:1942:run:review,D4,cinema:1942,cinema,train,run,review,Qwen3-1.7B;Qwen3-14B;Qwen3-4B;Qwen3-8B
d4_0043.txt,D4:v4_d4_final_grid:62c11c82a712:cinema:1950:submit:review,D4,cinema:1950,cinema,train,submit,review,Qwen3-1.7B;Qwen3-14B;Qwen3-4B;Qwen3-8B
d4_0044.txt,D4:v4_d4_final_grid:62c11c82a712:city_record:6268:run:discuss,D4,city_record:6268,city_record,train,run,discuss,Qwen3-1.7B;Qwen3-14B;Qwen3-4B;Qwen3-8B
d4_0045.txt,D4:v4_d4_final_grid:62c11c82a712:city_record:6289:execute:review,D4,city_record:6289,city_record,train,execute,review,Qwen3-1.7B;Qwen3-14B;Qwen3-4B;Qwen3-8B
d4_0046.txt,D4:v4_d4_final_grid:62c11c82a712:city_record:6294:execute:review,D4,city_record:6294,city_record,train,execute,review,Qwen3-1.7B;Qwen3-14B;Qwen3-4B;Qwen3-8B
d4_0047.txt,D4:v4_d4_final_grid:62c11c82a712:city_record:6306:execute:review,D4,city_record:6306,city_record,train,execute,review,Qwen3-1.7B;Qwen3-14B;Qwen3-4B;Qwen3-8B
d4_0048.txt,D4:v4_d4_final_grid:62c11c82a712:climbing:1114:issue:review,D4,climbing:1114,climbing,train,issue,review,Qwen3-1.7B;Qwen3-14B;Qwen3-4B;Qwen3-8B
d4_0049.txt,D4:v4_d4_final_grid:62c11c82a712:climbing:1120:issue:detail,D4,climbing:1120,climbing,train,issue,detail,Qwen3-1.7B;Qwen3-14B;Qwen3-4B;Qwen3-8B
d4_0050.txt,D4:v4_d4_final_grid:62c11c82a712:climbing:1121:execute:detail,D4,climbing:1121,climbing,train,execute,detail,Qwen3-1.7B;Qwen3-14B;Qwen3-4B;Qwen3-8B
d4_0051.txt,D4:v4_d4_final_grid:62c11c82a712:climbing:1125:execute:discuss,D4,climbing:1125,climbing,train,execute,discuss,Qwen3-1.7B;Qwen3-14B;Qwen3-4B;Qwen3-8B
d4_0052.txt,D4:v4_d4_final_grid:62c11c82a712:climbing:1138:launch:describe,D4,climbing:1138,climbing,train,launch,describe,Qwen3-1.7B;Qwen3-14B;Qwen3-4B;Qwen3-8B
d4_0053.txt,D4:v4_d4_final_grid:62c11c82a712:climbing:1139:submit:discuss,D4,climbing:1139,climbing,train,submit,discuss,Qwen3-1.7B;Qwen3-14B;Qwen3-4B;Qwen3-8B
d4_0054.txt,D4:v4_d4_final_grid:62c11c82a712:club_1:4278:execute:detail,D4,club_1:4278,club_1,test,execute,detail,Qwen3-1.7B;Qwen3-14B;Qwen3-4B;Qwen3-8B
d4_0055.txt,D4:v4_d4_final_grid:62c11c82a712:club_1:4279:execute:detail,D4,club_1:4279,club_1,test,execute,detail,Qwen3-1.7B;Qwen3-14B;Qwen3-4B;Qwen3-8B
d4_0056.txt,D4:v4_d4_final_grid:62c11c82a712:club_1:4291:launch:discuss,D4,club_1:4291,club_1,test,launch,discuss,Qwen3-1.7B;Qwen3-14B;Qwen3-4B;Qwen3-8B
d4_0057.txt,D4:v4_d4_final_grid:62c11c82a712:college_1:3201:submit:describe,D4,college_1:3201,college_1,train,submit,describe,Qwen3-1.7B;Qwen3-14B;Qwen3-4B;Qwen3-8B
d4_0058.txt,D4:v4_d4_final_grid:62c11c82a712:college_1:3202:launch:describe,D4,college_1:3202,college_1,train,launch,describe,Qwen3-1.7B;Qwen3-14B;Qwen3-4B;Qwen3-8B
d4_0059.txt,D4:v4_d4_final_grid:62c11c82a712:college_1:3261:launch:describe,D4,college_1:3261,college_1,train,launch,describe,Qwen3-1.7B;Qwen3-14B;Qwen3-4B;Qwen3-8B
d4_0060.txt,D4:v4_d4_final_grid:62c11c82a712:college_1:3276:run:detail,D4,college_1:3276,college_1,train,run,detail,Qwen3-1.7B;Qwen3-14B;Qwen3-4B;Qwen3-8B
d4_0061.txt,D4:v4_d4_final_grid:62c11c82a712:college_1:3278:execute:detail,D4,college_1:3278,college_1,train,execute,detail,Qwen3-1.7B;Qwen3-14B;Qwen3-4B;Qwen3-8B
d4_0062.txt,D4:v4_d4_final_grid:62c11c82a712:college_1:3292:execute:describe,D4,college_1:3292,college_1,train,execute,describe,Qwen3-1.7B;Qwen3-14B;Qwen3-4B;Qwen3-8B
d4_0063.txt,D4:v4_d4_final_grid:62c11c82a712:college_1:3313:launch:discuss,D4,college_1:3313,college_1,train,launch,discuss,Qwen3-1.7B;Qwen3-14B;Qwen3-4B;Qwen3-8B
d4_0064.txt,D4:v4_d4_final_grid:62c11c82a712:college_2:1326:launch:describe,D4,college_2:1326,college_2,test,launch,describe,Qwen3-1.7B;Qwen3-14B;Qwen3-4B;Qwen3-8B
d4_0065.txt,D4:v4_d4_final_grid:62c11c82a712:college_2:1328:run:discuss,D4,college_2:1328,college_2,test,run,discuss,Qwen3-1.7B;Qwen3-14B;Qwen3-4B;Qwen3-8B
d4_0066.txt,D4:v4_d4_final_grid:62c11c82a712:college_2:1329:submit:discuss,D4,college_2:1329,college_2,test,submit,discuss,Qwen3-1.7B;Qwen3-14B;Qwen3-4B;Qwen3-8B
d4_0067.txt,D4:v4_d4_final_grid:62c11c82a712:college_2:1332:submit:discuss,D4,college_2:1332,college_2,test,submit,discuss,Qwen3-1.7B;Qwen3-14B;Qwen3-4B;Qwen3-8B
d4_0068.txt,D4:v4_d4_final_grid:62c11c82a712:college_2:1333:execute:review,D4,college_2:1333,college_2,test,execute,review,Qwen3-1.7B;Qwen3-14B;Qwen3-4B;Qwen3-8B
d4_0069.txt,D4:v4_d4_final_grid:62c11c82a712:college_2:1344:launch:review,D4,college_2:1344,college_2,test,launch,review,Qwen3-1.7B;Qwen3-14B;Qwen3-4B;Qwen3-8B
d4_0070.txt,D4:v4_d4_final_grid:62c11c82a712:college_2:1345:launch:review,D4,college_2:1345,college_2,test,launch,review,Qwen3-1.7B;Qwen3-14B;Qwen3-4B;Qwen3-8B
d4_0071.txt,D4:v4_d4_final_grid:62c11c82a712:college_2:1357:run:describe,D4,college_2:1357,college_2,test,run,describe,Qwen3-1.7B;Qwen3-14B;Qwen3-4B;Qwen3-8B
d4_0072.txt,D4:v4_d4_final_grid:62c11c82a712:college_2:1360:launch:outline,D4,college_2:1360,college_2,test,launch,outline,Qwen3-1.7B;Qwen3-14B;Qwen3-4B;Qwen3-8B
d4_0073.txt,D4:v4_d4_final_grid:62c11c82a712:college_2:1361:submit:outline,D4,college_2:1361,college_2,test,submit,outline,Qwen3-1.7B;Qwen3-14B;Qwen3-4B;Qwen3-8B
d4_0074.txt,D4:v4_d4_final_grid:62c11c82a712:college_2:1376:submit:discuss,D4,college_2:1376,college_2,test,submit,discuss,Qwen3-1.7B;Qwen3-14B;Qwen3-4B;Qwen3-8B
d4_0075.txt,D4:v4_d4_final_grid:62c11c82a712:college_2:1378:submit:review,D4,college_2:1378,college_2,test,submit,review,Qwen3-1.7B;Qwen3-14B;Qwen3-4B;Qwen3-8B
d4_0076.txt,D4:v4_d4_final_grid:62c11c82a712:college_2:1379:run:discuss,D4,college_2:1379,college_2,test,run,discuss,Qwen3-1.7B;Qwen3-14B;Qwen3-4B;Qwen3-8B
d4_0077.txt,D4:v4_d4_final_grid:62c11c82a712:college_2:1386:issue:discuss,D4,college_2:1386,college_2,test,issue,discuss,Qwen3-1.7B;Qwen3-14B;Qwen3-4B;Qwen3-8B
d4_0078.txt,D4:v4_d4_final_grid:62c11c82a712:college_2:1393:execute:discuss,D4,college_2:1393,college_2,test,execute,discuss,Qwen3-1.7B;Qwen3-14B;Qwen3-4B;Qwen3-8B
d4_0079.txt,D4:v4_d4_final_grid:62c11c82a712:college_2:1394:submit:review,D4,college_2:1394,college_2,test,submit,review,Qwen3-1.7B;Qwen3-14B;Qwen3-4B;Qwen3-8B
d4_0080.txt,D4:v4_d4_final_grid:62c11c82a712:college_2:1418:run:discuss,D4,college_2:1418,college_2,test,run,discuss,Qwen3-1.7B;Qwen3-14B;Qwen3-4B;Qwen3-8B
d4_0081.txt,D4:v4_d4_final_grid:62c11c82a712:college_2:1432:launch:discuss,D4,college_2:1432,college_2,test,launch,discuss,Qwen3-1.7B;Qwen3-14B;Qwen3-4B;Qwen3-8B
d4_0082.txt,D4:v4_d4_final_grid:62c11c82a712:college_2:1434:execute:outline,D4,college_2:1434,college_2,test,execute,outline,Qwen3-1.7B;Qwen3-14B;Qwen3-4B;Qwen3-8B
d4_0083.txt,D4:v4_d4_final_grid:62c11c82a712:college_2:1446:run:discuss,D4,college_2:1446,college_2,test,run,discuss,Qwen3-1.7B;Qwen3-14B;Qwen3-4B;Qwen3-8B
d4_0084.txt,D4:v4_d4_final_grid:62c11c82a712:college_2:1464:submit:discuss,D4,college_2:1464,college_2,test,submit,discuss,Qwen3-1.7B;Qwen3-14B;Qwen3-4B;Qwen3-8B
d4_0085.txt,D4:v4_d4_final_grid:62c11c82a712:college_2:1466:submit:describe,D4,college_2:1466,college_2,test,submit,describe,Qwen3-1.7B;Qwen3-14B;Qwen3-4B;Qwen3-8B
d4_0086.txt,D4:v4_d4_final_grid:62c11c82a712:college_2:1479:execute:discuss,D4,college_2:1479,college_2,test,execute,discuss,Qwen3-1.7B;Qwen3-14B;Qwen3-4B;Qwen3-8B
d4_0087.txt,D4:v4_d4_final_grid:62c11c82a712:college_2:1486:run:detail,D4,college_2:1486,college_2,test,run,detail,Qwen3-1.7B;Qwen3-14B;Qwen3-4B;Qwen3-8B
d4_0088.txt,D4:v4_d4_final_grid:62c11c82a712:college_3:4649:submit:describe,D4,college_3:4649,college_3,train,submit,describe,Qwen3-1.7B;Qwen3-14B;Qwen3-4B;Qwen3-8B
d4_0089.txt,D4:v4_d4_final_grid:62c11c82a712:college_3:4661:issue:discuss,D4,college_3:4661,college_3,train,issue,discuss,Qwen3-1.7B;Qwen3-14B;Qwen3-4B;Qwen3-8B
d4_0090.txt,D4:v4_d4_final_grid:62c11c82a712:company_1:2133:submit:describe,D4,company_1:2133,company_1,test,submit,describe,Qwen3-1.7B;Qwen3-14B;Qwen3-4B;Qwen3-8B
d4_0091.txt,D4:v4_d4_final_grid:62c11c82a712:company_employee:4105:run:describe,D4,company_employee:4105,company_employee,test,run,describe,Qwen3-1.7B;Qwen3-14B;Qwen3-4B;Qwen3-8B
d4_0092.txt,D4:v4_d4_final_grid:62c11c82a712:company_office:4559:launch:outline,D4,company_office:4559,company_office,test,launch,outline,Qwen3-1.7B;Qwen3-14B;Qwen3-4B;Qwen3-8B
d4_0093.txt,D4:v4_d4_final_grid:62c11c82a712:company_office:4568:run:detail,D4,company_office:4568,company_office,test,run,detail,Qwen3-1.7B;Qwen3-14B;Qwen3-4B;Qwen3-8B
d4_0094.txt,D4:v4_d4_final_grid:62c11c82a712:county_public_safety:2535:submit:detail,D4,county_public_safety:2535,county_public_safety,train,submit,detail,Qwen3-1.7B;Qwen3-14B;Qwen3-4B;Qwen3-8B
d4_0095.txt,D4:v4_d4_final_grid:62c11c82a712:county_public_safety:2542:execute:discuss,D4,county_public_safety:2542,county_public_safety,train,execute,discuss,Qwen3-1.7B;Qwen3-14B;Qwen3-4B;Qwen3-8B
d4_0096.txt,D4:v4_d4_final_grid:62c11c82a712:county_public_safety:2543:execute:discuss,D4,county_public_safety:2543,county_public_safety,train,execute,discuss,Qwen3-1.7B;Qwen3-14B;Qwen3-4B;Qwen3-8B
d4_0097.txt,D4:v4_d4_final_grid:62c11c82a712:cre_Doc_Control_Systems:2124:issue:describe,D4,cre_Doc_Control_Systems:2124,cre_Doc_Control_Systems,train,issue,describe,Qwen3-1.7B;Qwen3-14B;Qwen3-4B;Qwen3-8B
d4_0098.txt,D4:v4_d4_final_grid:62c11c82a712:cre_Doc_Tracking_DB:4185:issue:describe,D4,cre_Doc_Tracking_DB:4185,cre_Doc_Tracking_DB,test,issue,describe,Qwen3-1.7B;Qwen3-14B;Qwen3-4B;Qwen3-8B
d4_0099.txt,D4:v4_d4_final_grid:62c11c82a712:cre_Doc_Tracking_DB:4190:issue:discuss,D4,cre_Doc_Tracking_DB:4190,cre_Doc_Tracking_DB,test,issue,discuss,Qwen3-1.7B;Qwen3-14B;Qwen3-4B;Qwen3-8B
d4_0100.txt,D4:v4_d4_final_grid:62c11c82a712:cre_Doc_Tracking_DB:4234:launch:discuss,D4,cre_Doc_Tracking_DB:4234,cre_Doc_Tracking_DB,test,launch,discuss,Qwen3-1.7B;Qwen3-14B;Qwen3-4B;Qwen3-8B
d4_0101.txt,D4:v4_d4_final_grid:62c11c82a712:cre_Docs_and_Epenses:6436:launch:outline,D4,cre_Docs_and_Epenses:6436,cre_Docs_and_Epenses,train,launch,outline,Qwen3-1.7B;Qwen3-14B;Qwen3-4B;Qwen3-8B
d4_0102.txt,D4:v4_d4_final_grid:62c11c82a712:cre_Docs_and_Epenses:6465:run:outline,D4,cre_Docs_and_Epenses:6465,cre_Docs_and_Epenses,train,run,outline,Qwen3-1.7B;Qwen3-14B;Qwen3-4B;Qwen3-8B
d4_0103.txt,D4:v4_d4_final_grid:62c11c82a712:cre_Docs_and_Epenses:6466:submit:outline,D4,cre_Docs_and_Epenses:6466,cre_Docs_and_Epenses,train,submit,outline,Qwen3-1.7B;Qwen3-14B;Qwen3-4B;Qwen3-8B
d4_0104.txt,D4:v4_d4_final_grid:62c11c82a712:cre_Drama_Workshop_Groups:5137:submit:review,D4,cre_Drama_Workshop_Groups:5137,cre_Drama_Workshop_Groups,train,submit,review,Qwen3-1.7B;Qwen3-14B;Qwen3-4B;Qwen3-8B
d4_0105.txt,D4:v4_d4_final_grid:62c11c82a712:cre_Drama_Workshop_Groups:5139:issue:review,D4,cre_Drama_Workshop_Groups:5139,cre_Drama_Workshop_Groups,train,issue,review,Qwen3-1.7B;Qwen3-14B;Qwen3-4B;Qwen3-8B
d4_0106.txt,D4:v4_d4_final_grid:62c11c82a712:cre_Drama_Workshop_Groups:5158:launch:detail,D4,cre_Drama_Workshop_Groups:5158,cre_Drama_Workshop_Groups,train,launch,detail,Qwen3-1.7B;Qwen3-14B;Qwen3-4B;Qwen3-8B
d4_0107.txt,D4:v4_d4_final_grid:62c11c82a712:cre_Theme_park:5904:submit:describe,D4,cre_Theme_park:5904,cre_Theme_park,train,submit,describe,Qwen3-1.7B;Qwen3-14B;Qwen3-4B;Qwen3-8B
d4_0108.txt,D4:v4_d4_final_grid:62c11c82a712:cre_Theme_park:5915:issue:discuss,D4,cre_Theme_park:5915,cre_Theme_park,train,issue,discuss,Qwen3-1.7B;Qwen3-14B;Qwen3-4B;Qwen3-8B
d4_0109.txt,D4:v4_d4_final_grid:62c11c82a712:cre_Theme_park:5925:submit:review,D4,cre_Theme_park:5925,cre_Theme_park,train,submit,review,Qwen3-1.7B;Qwen3-14B;Qwen3-4B;Qwen3-8B
d4_0110.txt,D4:v4_d4_final_grid:62c11c82a712:cre_Theme_park:5928:submit:review,D4,cre_Theme_park:5928,cre_Theme_park,train,submit,review,Qwen3-1.7B;Qwen3-14B;Qwen3-4B;Qwen3-8B
d4_0111.txt,D4:v4_d4_final_grid:62c11c82a712:cre_Theme_park:5935:submit:describe,D4,cre_Theme_park:5935,cre_Theme_park,train,submit,describe,Qwen3-1.7B;Qwen3-14B;Qwen3-4B;Qwen3-8B
d4_0112.txt,D4:v4_d4_final_grid:62c11c82a712:cre_Theme_park:5943:submit:describe,D4,cre_Theme_park:5943,cre_Theme_park,train,submit,describe,Qwen3-1.7B;Qwen3-14B;Qwen3-4B;Qwen3-8B
d4_0113.txt,D4:v4_d4_final_grid:62c11c82a712:cre_Theme_park:5953:run:review,D4,cre_Theme_park:5953,cre_Theme_park,train,run,review,Qwen3-1.7B;Qwen3-14B;Qwen3-4B;Qwen3-8B
d4_0114.txt,D4:v4_d4_final_grid:62c11c82a712:cre_Theme_park:5954:issue:detail,D4,cre_Theme_park:5954,cre_Theme_park,train,issue,detail,Qwen3-1.7B;Qwen3-14B;Qwen3-4B;Qwen3-8B
d4_0115.txt,D4:v4_d4_final_grid:62c11c82a712:cre_Theme_park:5955:execute:detail,D4,cre_Theme_park:5955,cre_Theme_park,train,execute,detail,Qwen3-1.7B;Qwen3-14B;Qwen3-4B;Qwen3-8B
d4_0116.txt,D4:v4_d4_final_grid:62c11c82a712:cre_Theme_park:5956:run:discuss,D4,cre_Theme_park:5956,cre_Theme_park,train,run,discuss,Qwen3-1.7B;Qwen3-14B;Qwen3-4B;Qwen3-8B
d4_0117.txt,D4:v4_d4_final_grid:62c11c82a712:cre_Theme_park:5959:submit:review,D4,cre_Theme_park:5959,cre_Theme_park,train,submit,review,Qwen3-1.7B;Qwen3-14B;Qwen3-4B;Qwen3-8B
d4_0118.txt,D4:v4_d4_final_grid:62c11c82a712:cre_Theme_park:5963:launch:outline,D4,cre_Theme_park:5963,cre_Theme_park,train,launch,outline,Qwen3-1.7B;Qwen3-14B;Qwen3-4B;Qwen3-8B
d4_0119.txt,D4:v4_d4_final_grid:62c11c82a712:cre_Theme_park:5964:run:outline,D4,cre_Theme_park:5964,cre_Theme_park,train,run,outline,Qwen3-1.7B;Qwen3-14B;Qwen3-4B;Qwen3-8B
d4_0120.txt,D4:v4_d4_final_grid:62c11c82a712:cre_Theme_park:5965:execute:review,D4,cre_Theme_park:5965,cre_Theme_park,train,execute,review,Qwen3-1.7B;Qwen3-14B;Qwen3-4B;Qwen3-8B
d4_0121.txt,D4:v4_d4_final_grid:62c11c82a712:csu_1:2352:submit:describe,D4,csu_1:2352,csu_1,train,submit,describe,Qwen3-1.7B;Qwen3-14B;Qwen3-4B;Qwen3-8B
d4_0122.txt,D4:v4_d4_final_grid:62c11c82a712:culture_company:6968:execute:discuss,D4,culture_company:6968,culture_company,train,execute,discuss,Qwen3-1.7B;Qwen3-14B;Qwen3-4B;Qwen3-8B
d4_0123.txt,D4:v4_d4_final_grid:62c11c82a712:culture_company:6969:launch:discuss,D4,culture_company:6969,culture_company,train,launch,discuss,Qwen3-1.7B;Qwen3-14B;Qwen3-4B;Qwen3-8B
d4_0124.txt,D4:v4_d4_final_grid:62c11c82a712:culture_company:6994:issue:discuss,D4,culture_company:6994,culture_company,train,issue,discuss,Qwen3-1.7B;Qwen3-14B;Qwen3-4B;Qwen3-8B
d4_0125.txt,D4:v4_d4_final_grid:62c11c82a712:culture_company:6995:issue:discuss,D4,culture_company:6995,culture_company,train,issue,discuss,Qwen3-1.7B;Qwen3-14B;Qwen3-4B;Qwen3-8B
d4_0126.txt,D4:v4_d4_final_grid:62c11c82a712:culture_company:6996:run:outline,D4,culture_company:6996,culture_company,train,run,outline,Qwen3-1.7B;Qwen3-14B;Qwen3-4B;Qwen3-8B
d4_0127.txt,D4:v4_d4_final_grid:62c11c82a712:culture_company:6997:launch:detail,D4,culture_company:6997,culture_company,train,launch,detail,Qwen3-1.7B;Qwen3-14B;Qwen3-4B;Qwen3-8B
d4_0128.txt,D4:v4_d4_final_grid:62c11c82a712:customer_complaints:5771:run:detail,D4,customer_complaints:5771,customer_complaints,train,run,detail,Qwen3-1.7B;Qwen3-14B;Qwen3-4B;Qwen3-8B
d4_0129.txt,D4:v4_d4_final_grid:62c11c82a712:customer_complaints:5794:run:detail,D4,customer_complaints:5794,customer_complaints,train,run,detail,Qwen3-1.7B;Qwen3-14B;Qwen3-4B;Qwen3-8B
d4_0130.txt,D4:v4_d4_final_grid:62c11c82a712:customer_complaints:5795:run:detail,D4,customer_complaints:5795,customer_complaints,train,run,detail,Qwen3-1.7B;Qwen3-14B;Qwen3-4B;Qwen3-8B
d4_0131.txt,D4:v4_d4_final_grid:62c11c82a712:customer_deliveries:2848:run:discuss,D4,customer_deliveries:2848,customer_deliveries,train,run,discuss,Qwen3-1.7B;Qwen3-14B;Qwen3-4B;Qwen3-8B
d4_0132.txt,D4:v4_d4_final_grid:62c11c82a712:customer_deliveries:2855:execute:describe,D4,customer_deliveries:2855,customer_deliveries,train,execute,describe,Qwen3-1.7B;Qwen3-14B;Qwen3-4B;Qwen3-8B
d4_0133.txt,D4:v4_d4_final_grid:62c11c82a712:customers_and_addresses:6076:run:describe,D4,customers_and_addresses:6076,customers_and_addresses,train,run,describe,Qwen3-1.7B;Qwen3-14B;Qwen3-4B;Qwen3-8B
d4_0134.txt,D4:v4_d4_final_grid:62c11c82a712:customers_and_addresses:6085:execute:detail,D4,customers_and_addresses:6085,customers_and_addresses,train,execute,detail,Qwen3-1.7B;Qwen3-14B;Qwen3-4B;Qwen3-8B
d4_0135.txt,D4:v4_d4_final_grid:62c11c82a712:customers_and_addresses:6086:launch:outline,D4,customers_and_addresses:6086,customers_and_addresses,train,launch,outline,Qwen3-1.7B;Qwen3-14B;Qwen3-4B;Qwen3-8B
d4_0136.txt,D4:v4_d4_final_grid:62c11c82a712:customers_and_addresses:6109:launch:outline,D4,customers_and_addresses:6109,customers_and_addresses,train,launch,outline,Qwen3-1.7B;Qwen3-14B;Qwen3-4B;Qwen3-8B
d4_0137.txt,D4:v4_d4_final_grid:62c11c82a712:customers_and_addresses:6112:run:detail,D4,customers_and_addresses:6112,customers_and_addresses,train,run,detail,Qwen3-1.7B;Qwen3-14B;Qwen3-4B;Qwen3-8B
d4_0138.txt,D4:v4_d4_final_grid:62c11c82a712:customers_and_addresses:6127:launch:outline,D4,customers_and_addresses:6127,customers_and_addresses,train,launch,outline,Qwen3-1.7B;Qwen3-14B;Qwen3-4B;Qwen3-8B
d4_0139.txt,D4:v4_d4_final_grid:62c11c82a712:customers_and_addresses:6128:run:outline,D4,customers_and_addresses:6128,customers_and_addresses,train,run,outline,Qwen3-1.7B;Qwen3-14B;Qwen3-4B;Qwen3-8B
d4_0140.txt,D4:v4_d4_final_grid:62c11c82a712:customers_and_addresses:6129:execute:detail,D4,customers_and_addresses:6129,customers_and_addresses,train,execute,detail,Qwen3-1.7B;Qwen3-14B;Qwen3-4B;Qwen3-8B
d4_0141.txt,D4:v4_d4_final_grid:62c11c82a712:customers_and_addresses:6138:launch:outline,D4,customers_and_addresses:6138,customers_and_addresses,train,launch,outline,Qwen3-1.7B;Qwen3-14B;Qwen3-4B;Qwen3-8B
d4_0142.txt,D4:v4_d4_final_grid:62c11c82a712:customers_and_products_contacts:5658:run:review,D4,customers_and_products_contacts:5658,customers_and_products_contacts,train,run,review,Qwen3-1.7B;Qwen3-14B;Qwen3-4B;Qwen3-8B
d4_0143.txt,D4:v4_d4_final_grid:62c11c82a712:customers_and_products_contacts:5665:execute:outline,D4,customers_and_products_contacts:5665,customers_and_products_contacts,train,execute,outline,Qwen3-1.7B;Qwen3-14B;Qwen3-4B;Qwen3-8B
d4_0144.txt,D4:v4_d4_final_grid:62c11c82a712:customers_and_products_contacts:5666:launch:detail,D4,customers_and_products_contacts:5666,customers_and_products_contacts,train,launch,detail,Qwen3-1.7B;Qwen3-14B;Qwen3-4B;Qwen3-8B
d4_0145.txt,D4:v4_d4_final_grid:62c11c82a712:customers_campaigns_ecommerce:4630:execute:describe,D4,customers_campaigns_ecommerce:4630,customers_campaigns_ecommerce,train,execute,describe,Qwen3-1.7B;Qwen3-14B;Qwen3-4B;Qwen3-8B
d4_0146.txt,D4:v4_d4_final_grid:62c11c82a712:customers_card_transactions:669:issue:review,D4,customers_card_transactions:669,customers_card_transactions,test,issue,review,Qwen3-1.7B;Qwen3-14B;Qwen3-4B;Qwen3-8B
d4_0147.txt,D4:v4_d4_final_grid:62c11c82a712:customers_card_transactions:693:execute:review,D4,customers_card_transactions:693,customers_card_transactions,test,execute,review,Qwen3-1.7B;Qwen3-14B;Qwen3-4B;Qwen3-8B
d4_0148.txt,D4:v4_d4_final_grid:62c11c82a712:customers_card_transactions:694:execute:review,D4,customers_card_transactions:694,customers_card_transactions,test,execute,review,Qwen3-1.7B;Qwen3-14B;Qwen3-4B;Qwen3-8B
d4_0149.txt,D4:v4_d4_final_grid:62c11c82a712:customers_card_transactions:715:run:review,D4,customers_card_transactions:715,customers_card_transactions,test,run,review,Qwen3-1.7B;Qwen3-14B;Qwen3-4B;Qwen3-8B
d4_0150.txt,D4:v4_d4_final_grid:62c11c82a712:debate:1495:launch:detail,D4,debate:1495,debate,train,launch,detail,Qwen3-1.7B;Qwen3-14B;Qwen3-4B;Qwen3-8B
d4_0151.txt,D4:v4_d4_final_grid:62c11c82a712:debate:1497:submit:outline,D4,debate:1497,debate,train,submit,outline,Qwen3-1.7B;Qwen3-14B;Qwen3-4B;Qwen3-8B
d4_0152.txt,D4:v4_d4_final_grid:62c11c82a712:debate:1502:issue:outline,D4,debate:1502,debate,train,issue,outline,Qwen3-1.7B;Qwen3-14B;Qwen3-4B;Qwen3-8B
d4_0153.txt,D4:v4_d4_final_grid:62c11c82a712:decoration_competition:4490:submit:review,D4,decoration_competition:4490,decoration_competition,train,submit,review,Qwen3-1.7B;Qwen3-14B;Qwen3-4B;Qwen3-8B
d4_0154.txt,D4:v4_d4_final_grid:62c11c82a712:department_management:0:issue:describe,D4,department_management:0,department_management,train,issue,describe,Qwen3-1.7B;Qwen3-14B;Qwen3-4B;Qwen3-8B
d4_0155.txt,D4:v4_d4_final_grid:62c11c82a712:department_management:1:run:detail,D4,department_management:1,department_management,train,run,detail,Qwen3-1.7B;Qwen3-14B;Qwen3-4B;Qwen3-8B
d4_0156.txt,D4:v4_d4_final_grid:62c11c82a712:department_management:5:run:discuss,D4,department_management:5,department_management,train,run,discuss,Qwen3-1.7B;Qwen3-14B;Qwen3-4B;Qwen3-8B
d4_0157.txt,D4:v4_d4_final_grid:62c11c82a712:department_management:9:launch:review,D4,department_management:9,department_management,train,launch,review,Qwen3-1.7B;Qwen3-14B;Qwen3-4B;Qwen3-8B
d4_0158.txt,D4:v4_d4_final_grid:62c11c82a712:department_store:4729:issue:outline,D4,department_store:4729,department_store,train,issue,outline,Qwen3-1.7B;Qwen3-14B;Qwen3-4B;Qwen3-8B
d4_0159.txt,D4:v4_d4_final_grid:62c11c82a712:department_store:4736:execute:outline,D4,department_store:4736,department_store,train,execute,outline,Qwen3-1.7B;Qwen3-14B;Qwen3-4B;Qwen3-8B
d4_0160.txt,D4:v4_d4_final_grid:62c11c82a712:department_store:4751:run:detail,D4,department_store:4751,department_store,train,run,detail,Qwen3-1.7B;Qwen3-14B;Qwen3-4B;Qwen3-8B
d4_0161.txt,D4:v4_d4_final_grid:62c11c82a712:department_store:4752:run:discuss,D4,department_store:4752,department_store,train,run,discuss,Qwen3-1.7B;Qwen3-14B;Qwen3-4B;Qwen3-8B
d4_0162.txt,D4:v4_d4_final_grid:62c11c82a712:department_store:4762:launch:describe,D4,department_store:4762,department_store,train,launch,describe,Qwen3-1.7B;Qwen3-14B;Qwen3-4B;Qwen3-8B
d4_0163.txt,D4:v4_d4_final_grid:62c11c82a712:department_store:4763:launch:review,D4,department_store:4763,department_store,train,launch,review,Qwen3-1.7B;Qwen3-14B;Qwen3-4B;Qwen3-8B
d4_0164.txt,D4:v4_d4_final_grid:62c11c82a712:department_store:4764:execute:review,D4,department_store:4764,department_store,train,execute,review,Qwen3-1.7B;Qwen3-14B;Qwen3-4B;Qwen3-8B
d4_0165.txt,D4:v4_d4_final_grid:62c11c82a712:department_store:4769:launch:describe,D4,department_store:4769,department_store,train,launch,describe,Qwen3-1.7B;Qwen3-14B;Qwen3-4B;Qwen3-8B
d4_0166.txt,D4:v4_d4_final_grid:62c11c82a712:department_store:4770:submit:detail,D4,department_store:4770,department_store,train,submit,detail,Qwen3-1.7B;Qwen3-14B;Qwen3-4B;Qwen3-8B
d4_0167.txt,D4:v4_d4_final_grid:62c11c82a712:department_store:4779:submit:review,D4,department_store:4779,department_store,train,submit,review,Qwen3-1.7B;Qwen3-14B;Qwen3-4B;Qwen3-8B
d4_0168.txt,D4:v4_d4_final_grid:62c11c82a712:device:5057:issue:detail,D4,device:5057,device,test,issue,detail,Qwen3-1.7B;Qwen3-14B;Qwen3-4B;Qwen3-8B
d4_0169.txt,D4:v4_d4_final_grid:62c11c82a712:device:5067:execute:outline,D4,device:5067,device,test,execute,outline,Qwen3-1.7B;Qwen3-14B;Qwen3-4B;Qwen3-8B
d4_0170.txt,D4:v4_d4_final_grid:62c11c82a712:device:5068:launch:review,D4,device:5068,device,test,launch,review,Qwen3-1.7B;Qwen3-14B;Qwen3-4B;Qwen3-8B
d4_0171.txt,D4:v4_d4_final_grid:62c11c82a712:device:5069:launch:review,D4,device:5069,device,test,launch,review,Qwen3-1.7B;Qwen3-14B;Qwen3-4B;Qwen3-8B
d4_0172.txt,D4:v4_d4_final_grid:62c11c82a712:device:5075:execute:outline,D4,device:5075,device,test,execute,outline,Qwen3-1.7B;Qwen3-14B;Qwen3-4B;Qwen3-8B
d4_0173.txt,D4:v4_d4_final_grid:62c11c82a712:document_management:4499:issue:detail,D4,document_management:4499,document_management,train,issue,detail,Qwen3-1.7B;Qwen3-14B;Qwen3-4B;Qwen3-8B
d4_0174.txt,D4:v4_d4_final_grid:62c11c82a712:document_management:4537:issue:detail,D4,document_management:4537,document_management,train,issue,detail,Qwen3-1.7B;Qwen3-14B;Qwen3-4B;Qwen3-8B
d4_0175.txt,D4:v4_d4_final_grid:62c11c82a712:document_management:4538:execute:detail,D4,document_management:4538,document_management,train,execute,detail,Qwen3-1.7B;Qwen3-14B;Qwen3-4B;Qwen3-8B
d4_0176.txt,D4:v4_d4_final_grid:62c11c82a712:dorm_1:5670:launch:describe,D4,dorm_1:5670,dorm_1,test,launch,describe,Qwen3-1.7B;Qwen3-14B;Qwen3-4B;Qwen3-8B
d4_0177.txt,D4:v4_d4_final_grid:62c11c82a712:dorm_1:5671:execute:describe,D4,dorm_1:5671,dorm_1,test,execute,describe,Qwen3-1.7B;Qwen3-14B;Qwen3-4B;Qwen3-8B
d4_0178.txt,D4:v4_d4_final_grid:62c11c82a712:dorm_1:5703:issue:review,D4,dorm_1:5703,dorm_1,test,issue,review,Qwen3-1.7B;Qwen3-14B;Qwen3-4B;Qwen3-8B
d4_0179.txt,D4:v4_d4_final_grid:62c11c82a712:dorm_1:5704:run:describe,D4,dorm_1:5704,dorm_1,test,run,describe,Qwen3-1.7B;Qwen3-14B;Qwen3-4B;Qwen3-8B
d4_0180.txt,D4:v4_d4_final_grid:62c11c82a712:dorm_1:5742:launch:outline,D4,dorm_1:5742,dorm_1,test,launch,outline,Qwen3-1.7B;Qwen3-14B;Qwen3-4B;Qwen3-8B
d4_0181.txt,D4:v4_d4_final_grid:62c11c82a712:dorm_1:5755:submit:detail,D4,dorm_1:5755,dorm_1,test,submit,detail,Qwen3-1.7B;Qwen3-14B;Qwen3-4B;Qwen3-8B
d4_0182.txt,D4:v4_d4_final_grid:62c11c82a712:dorm_1:5763:execute:review,D4,dorm_1:5763,dorm_1,test,execute,review,Qwen3-1.7B;Qwen3-14B;Qwen3-4B;Qwen3-8B
d4_0183.txt,D4:v4_d4_final_grid:62c11c82a712:driving_school:6629:launch:review,D4,driving_school:6629,driving_school,train,launch,review,Qwen3-1.7B;Qwen3-14B;Qwen3-4B;Qwen3-8B
d4_0184.txt,D4:v4_d4_final_grid:62c11c82a712:driving_school:6676:run:describe,D4,driving_school:6676,driving_school,train,run,describe,Qwen3-1.7B;Qwen3-14B;Qwen3-4B;Qwen3-8B
d4_0185.txt,D4:v4_d4_final_grid:62c11c82a712:driving_school:6677:run:describe,D4,driving_school:6677,driving_school,train,run,describe,Qwen3-1.7B;Qwen3-14B;Qwen3-4B;Qwen3-8B
d4_0186.txt,D4:v4_d4_final_grid:62c11c82a712:driving_school:6695:issue:outline,D4,driving_school:6695,driving_school,train,issue,outline,Qwen3-1.7B;Qwen3-14B;Qwen3-4B;Qwen3-8B
d4_0187.txt,D4:v4_d4_final_grid:62c11c82a712:e_government:6319:submit:detail,D4,e_government:6319,e_government,train,submit,detail,Qwen3-1.7B;Qwen3-14B;Qwen3-4B;Qwen3-8B
d4_0188.txt,D4:v4_d4_final_grid:62c11c82a712:e_government:6324:execute:detail,D4,e_government:6324,e_government,train,execute,detail,Qwen3-1.7B;Qwen3-14B;Qwen3-4B;Qwen3-8B
d4_0189.txt,D4:v4_d4_final_grid:62c11c82a712:e_government:6325:run:outline,D4,e_government:6325,e_government,train,run,outline,Qwen3-1.7B;Qwen3-14B;Qwen3-4B;Qwen3-8B
d4_0190.txt,D4:v4_d4_final_grid:62c11c82a712:e_government:6341:submit:outline,D4,e_government:6341,e_government,train,submit,outline,Qwen3-1.7B;Qwen3-14B;Qwen3-4B;Qwen3-8B
d4_0191.txt,D4:v4_d4_final_grid:62c11c82a712:e_learning:3813:issue:review,D4,e_learning:3813,e_learning,train,issue,review,Qwen3-1.7B;Qwen3-14B;Qwen3-4B;Qwen3-8B
d4_0192.txt,D4:v4_d4_final_grid:62c11c82a712:e_learning:3824:issue:review,D4,e_learning:3824,e_learning,train,issue,review,Qwen3-1.7B;Qwen3-14B;Qwen3-4B;Qwen3-8B
d4_0193.txt,D4:v4_d4_final_grid:62c11c82a712:e_learning:3825:issue:review,D4,e_learning:3825,e_learning,train,issue,review,Qwen3-1.7B;Qwen3-14B;Qwen3-4B;Qwen3-8B
d4_0194.txt,D4:v4_d4_final_grid:62c11c82a712:e_learning:3828:issue:review,D4,e_learning:3828,e_learning,train,issue,review,Qwen3-1.7B;Qwen3-14B;Qwen3-4B;Qwen3-8B
d4_0195.txt,D4:v4_d4_final_grid:62c11c82a712:e_learning:3829:issue:review,D4,e_learning:3829,e_learning,train,issue,review,Qwen3-1.7B;Qwen3-14B;Qwen3-4B;Qwen3-8B
d4_0196.txt,D4:v4_d4_final_grid:62c11c82a712:e_learning:3841:run:review,D4,e_learning:3841,e_learning,train,run,review,Qwen3-1.7B;Qwen3-14B;Qwen3-4B;Qwen3-8B
d4_0197.txt,D4:v4_d4_final_grid:62c11c82a712:election:2745:issue:discuss,D4,election:2745,election,train,issue,discuss,Qwen3-1.7B;Qwen3-14B;Qwen3-4B;Qwen3-8B
d4_0198.txt,D4:v4_d4_final_grid:62c11c82a712:election:2778:run:discuss,D4,election:2778,election,train,run,discuss,Qwen3-1.7B;Qwen3-14B;Qwen3-4B;Qwen3-8B
d4_0199.txt,D4:v4_d4_final_grid:62c11c82a712:election:2780:issue:discuss,D4,election:2780,election,train,issue,discuss,Qwen3-1.7B;Qwen3-14B;Qwen3-4B;Qwen3-8B
d4_0200.txt,D4:v4_d4_final_grid:62c11c82a712:election:2800:execute:outline,D4,election:2800,election,train,execute,outline,Qwen3-1.7B;Qwen3-14B;Qwen3-4B;Qwen3-8B
d4_0201.txt,D4:v4_d4_final_grid:62c11c82a712:election:2801:launch:outline,D4,election:2801,election,train,launch,outline,Qwen3-1.7B;Qwen3-14B;Qwen3-4B;Qwen3-8B
d4_0202.txt,D4:v4_d4_final_grid:62c11c82a712:election_representative:1179:run:discuss,D4,election_representative:1179,election_representative,train,run,discuss,Qwen3-1.7B;Qwen3-14B;Qwen3-4B;Qwen3-8B
d4_0203.txt,D4:v4_d4_final_grid:62c11c82a712:entertainment_awards:4599:execute:detail,D4,entertainment_awards:4599,entertainment_awards,train,execute,detail,Qwen3-1.7B;Qwen3-14B;Qwen3-4B;Qwen3-8B
d4_0204.txt,D4:v4_d4_final_grid:62c11c82a712:entertainment_awards:4615:run:review,D4,entertainment_awards:4615,entertainment_awards,train,run,review,Qwen3-1.7B;Qwen3-14B;Qwen3-4B;Qwen3-8B
d4_0205.txt,D4:v4_d4_final_grid:62c11c82a712:entrepreneur:2265:issue:detail,D4,entrepreneur:2265,entrepreneur,train,issue,detail,Qwen3-1.7B;Qwen3-14B;Qwen3-4B;Qwen3-8B
d4_0206.txt,D4:v4_d4_final_grid:62c11c82a712:entrepreneur:2266:launch:discuss,D4,entrepreneur:2266,entrepreneur,train,launch,discuss,Qwen3-1.7B;Qwen3-14B;Qwen3-4B;Qwen3-8B
d4_0207.txt,D4:v4_d4_final_grid:62c11c82a712:entrepreneur:2271:launch:detail,D4,entrepreneur:2271,entrepreneur,train,launch,detail,Qwen3-1.7B;Qwen3-14B;Qwen3-4B;Qwen3-8B
d4_0208.txt,D4:v4_d4_final_grid:62c11c82a712:entrepreneur:2272:issue:detail,D4,entrepreneur:2272,entrepreneur,train,issue,detail,Qwen3-1.7B;Qwen3-14B;Qwen3-4B;Qwen3-8B
d4_0209.txt,D4:v4_d4_final_grid:62c11c82a712:entrepreneur:2279:submit:outline,D4,entrepreneur:2279,entrepreneur,train,submit,outline,Qwen3-1.7B;Qwen3-14B;Qwen3-4B;Qwen3-8B
d4_0210.txt,D4:v4_d4_final_grid:62c11c82a712:entrepreneur:2286:run:outline,D4,entrepreneur:2286,entrepreneur,train,run,outline,Qwen3-1.7B;Qwen3-14B;Qwen3-4B;Qwen3-8B
d4_0211.txt,D4:v4_d4_final_grid:62c11c82a712:entrepreneur:2291:submit:discuss,D4,entrepreneur:2291,entrepreneur,train,submit,discuss,Qwen3-1.7B;Qwen3-14B;Qwen3-4B;Qwen3-8B
d4_0212.txt,D4:v4_d4_final_grid:62c11c82a712:entrepreneur:2292:issue:discuss,D4,entrepreneur:2292,entrepreneur,train,issue,discuss,Qwen3-1.7B;Qwen3-14B;Qwen3-4B;Qwen3-8B
d4_0213.txt,D4:v4_d4_final_grid:62c11c82a712:entrepreneur:2293:launch:discuss,D4,entrepreneur:2293,entrepreneur,train,launch,discuss,Qwen3-1.7B;Qwen3-14B;Qwen3-4B;Qwen3-8B
d4_0214.txt,D4:v4_d4_final_grid:62c11c82a712:entrepreneur:2297:issue:describe,D4,entrepreneur:2297,entrepreneur,train,issue,describe,Qwen3-1.7B;Qwen3-14B;Qwen3-4B;Qwen3-8B
d4_0215.txt,D4:v4_d4_final_grid:62c11c82a712:epinions_1:1712:submit:outline,D4,epinions_1:1712,epinions_1,train,submit,outline,Qwen3-1.7B;Qwen3-14B;Qwen3-4B;Qwen3-8B
d4_0216.txt,D4:v4_d4_final_grid:62c11c82a712:farm:19:run:detail,D4,farm:19,farm,test,run,detail,Qwen3-1.7B;Qwen3-14B;Qwen3-4B;Qwen3-8B
d4_0217.txt,D4:v4_d4_final_grid:62c11c82a712:farm:31:execute:discuss,D4,farm:31,farm,test,execute,discuss,Qwen3-1.7B;Qwen3-14B;Qwen3-4B;Qwen3-8B
d4_0218.txt,D4:v4_d4_final_grid:62c11c82a712:film_rank:4120:issue:describe,D4,film_rank:4120,film_rank,train,issue,describe,Qwen3-1.7B;Qwen3-14B;Qwen3-4B;Qwen3-8B
d4_0219.txt,D4:v4_d4_final_grid:62c11c82a712:film_rank:4122:launch:discuss,D4,film_rank:4122,film_rank,train,launch,discuss,Qwen3-1.7B;Qwen3-14B;Qwen3-4B;Qwen3-8B
d4_0220.txt,D4:v4_d4_final_grid:62c11c82a712:film_rank:4145:launch:describe,D4,film_rank:4145,film_rank,train,launch,describe,Qwen3-1.7B;Qwen3-14B;Qwen3-4B;Qwen3-8B
d4_0221.txt,D4:v4_d4_final_grid:62c11c82a712:film_rank:4150:execute:discuss,D4,film_rank:4150,film_rank,train,execute,discuss,Qwen3-1.7B;Qwen3-14B;Qwen3-4B;Qwen3-8B
d4_0222.txt,D4:v4_d4_final_grid:62c11c82a712:flight_1:350:submit:describe,D4,flight_1:350,flight_1,train,submit,describe,Qwen3-1.7B;Qwen3-14B;Qwen3-4B;Qwen3-8B
d4_0223.txt,D4:v4_d4_final_grid:62c11c82a712:flight_1:365:run:describe,D4,flight_1:365,flight_1,train,run,describe,Qwen3-1.7B;Qwen3-14B;Qwen3-4B;Qwen3-8B
d4_0224.txt,D4:v4_d4_final_grid:62c11c82a712:flight_1:367:run:describe,D4,flight_1:367,flight_1,train,run,describe,Qwen3-1.7B;Qwen3-14B;Qwen3-4B;Qwen3-8B
d4_0225.txt,D4:v4_d4_final_grid:62c11c82a712:flight_1:376:issue:describe,D4,flight_1:376,flight_1,train,issue,describe,Qwen3-1.7B;Qwen3-14B;Qwen3-4B;Qwen3-8B
d4_0226.txt,D4:v4_d4_final_grid:62c11c82a712:flight_1:437:launch:outline,D4,flight_1:437,flight_1,train,launch,outline,Qwen3-1.7B;Qwen3-14B;Qwen3-4B;Qwen3-8B
d4_0227.txt,D4:v4_d4_final_grid:62c11c82a712:flight_1:438:launch:outline,D4,flight_1:438,flight_1,train,launch,outline,Qwen3-1.7B;Qwen3-14B;Qwen3-4B;Qwen3-8B
d4_0228.txt,D4:v4_d4_final_grid:62c11c82a712:flight_4:6813:launch:review,D4,flight_4:6813,flight_4,train,launch,review,Qwen3-1.7B;Qwen3-14B;Qwen3-4B;Qwen3-8B
d4_0229.txt,D4:v4_d4_final_grid:62c11c82a712:flight_company:6375:launch:review,D4,flight_company:6375,flight_company,train,launch,review,Qwen3-1.7B;Qwen3-14B;Qwen3-4B;Qwen3-8B
d4_0230.txt,D4:v4_d4_final_grid:62c11c82a712:flight_company:6380:submit:discuss,D4,flight_company:6380,flight_company,train,submit,discuss,Qwen3-1.7B;Qwen3-14B;Qwen3-4B;Qwen3-8B
d4_0231.txt,D4:v4_d4_final_grid:62c11c82a712:flight_company:6381:launch:describe,D4,flight_company:6381,flight_company,train,launch,describe,Qwen3-1.7B;Qwen3-14B;Qwen3-4B;Qwen3-8B
d4_0232.txt,D4:v4_d4_final_grid:62c11c82a712:formula_1:2182:execute:outline,D4,formula_1:2182,formula_1,train,execute,outline,Qwen3-1.7B;Qwen3-14B;Qwen3-4B;Qwen3-8B
d4_0233.txt,D4:v4_d4_final_grid:62c11c82a712:formula_1:2194:launch:describe,D4,formula_1:2194,formula_1,train,launch,describe,Qwen3-1.7B;Qwen3-14B;Qwen3-4B;Qwen3-8B
d4_0234.txt,D4:v4_d4_final_grid:62c11c82a712:formula_1:2201:run:detail,D4,formula_1:2201,formula_1,train,run,detail,Qwen3-1.7B;Qwen3-14B;Qwen3-4B;Qwen3-8B
d4_0235.txt,D4:v4_d4_final_grid:62c11c82a712:formula_1:2212:issue:detail,D4,formula_1:2212,formula_1,train,issue,detail,Qwen3-1.7B;Qwen3-14B;Qwen3-4B;Qwen3-8B
d4_0236.txt,D4:v4_d4_final_grid:62c11c82a712:formula_1:2225:execute:outline,D4,formula_1:2225,formula_1,train,execute,outline,Qwen3-1.7B;Qwen3-14B;Qwen3-4B;Qwen3-8B
d4_0237.txt,D4:v4_d4_final_grid:62c11c82a712:formula_1:2226:run:review,D4,formula_1:2226,formula_1,train,run,review,Qwen3-1.7B;Qwen3-14B;Qwen3-4B;Qwen3-8B
d4_0238.txt,D4:v4_d4_final_grid:62c11c82a712:formula_1:2227:run:review,D4,formula_1:2227,formula_1,train,run,review,Qwen3-1.7B;Qwen3-14B;Qwen3-4B;Qwen3-8B
d4_0239.txt,D4:v4_d4_final_grid:62c11c82a712:formula_1:2229:execute:review,D4,formula_1:2229,formula_1,train,execute,review,Qwen3-1.7B;Qwen3-14B;Qwen3-4B;Qwen3-8B
d4_0240.txt,D4:v4_d4_final_grid:62c11c82a712:game_1:5976:launch:describe,D4,game_1:5976,game_1,train,launch,describe,Qwen3-1.7B;Qwen3-14B;Qwen3-4B;Qwen3-8B
d4_0241.txt,D4:v4_d4_final_grid:62c11c82a712:game_1:6036:execute:discuss,D4,game_1:6036,game_1,train,execute,discuss,Qwen3-1.7B;Qwen3-14B;Qwen3-4B;Qwen3-8B
d4_0242.txt,D4:v4_d4_final_grid:62c11c82a712:game_1:6054:run:discuss,D4,game_1:6054,game_1,train,run,discuss,Qwen3-1.7B;Qwen3-14B;Qwen3-4B;Qwen3-8B
d4_0243.txt,D4:v4_d4_final_grid:62c11c82a712:gas_company:1996:run:review,D4,gas_company:1996,gas_company,train,run,review,Qwen3-1.7B;Qwen3-14B;Qwen3-4B;Qwen3-8B
d4_0244.txt,D4:v4_d4_final_grid:62c11c82a712:gas_company:2000:launch:review,D4,gas_company:2000,gas_company,train,launch,review,Qwen3-1.7B;Qwen3-14B;Qwen3-4B;Qwen3-8B
d4_0245.txt,D4:v4_d4_final_grid:62c11c82a712:gas_company:2033:submit:describe,D4,gas_company:2033,gas_company,train,submit,describe,Qwen3-1.7B;Qwen3-14B;Qwen3-4B;Qwen3-8B
d4_0246.txt,D4:v4_d4_final_grid:62c11c82a712:gymnast:1738:run:detail,D4,gymnast:1738,gymnast,train,run,detail,Qwen3-1.7B;Qwen3-14B;Qwen3-4B;Qwen3-8B
d4_0247.txt,D4:v4_d4_final_grid:62c11c82a712:gymnast:1746:execute:review,D4,gymnast:1746,gymnast,train,execute,review,Qwen3-1.7B;Qwen3-14B;Qwen3-4B;Qwen3-8B
d4_0248.txt,D4:v4_d4_final_grid:62c11c82a712:gymnast:1751:issue:outline,D4,gymnast:1751,gymnast,train,issue,outline,Qwen3-1.7B;Qwen3-14B;Qwen3-4B;Qwen3-8B
d4_0249.txt,D4:v4_d4_final_grid:62c11c82a712:gymnast:1762:launch:outline,D4,gymnast:1762,gymnast,train,launch,outline,Qwen3-1.7B;Qwen3-14B;Qwen3-4B;Qwen3-8B
d4_0250.txt,D4:v4_d4_final_grid:62c11c82a712:gymnast:1764:execute:review,D4,gymnast:1764,gymnast,train,execute,review,Qwen3-1.7B;Qwen3-14B;Qwen3-4B;Qwen3-8B
d4_0251.txt,D4:v4_d4_final_grid:62c11c82a712:gymnast:1766:launch:detail,D4,gymnast:1766,gymnast,train,launch,detail,Qwen3-1.7B;Qwen3-14B;Qwen3-4B;Qwen3-8B
d4_0252.txt,D4:v4_d4_final_grid:62c11c82a712:gymnast:1768:run:review,D4,gymnast:1768,gymnast,train,run,review,Qwen3-1.7B;Qwen3-14B;Qwen3-4B;Qwen3-8B
d4_0253.txt,D4:v4_d4_final_grid:62c11c82a712:gymnast:1772:submit:describe,D4,gymnast:1772,gymnast,train,submit,describe,Qwen3-1.7B;Qwen3-14B;Qwen3-4B;Qwen3-8B
d4_0254.txt,D4:v4_d4_final_grid:62c11c82a712:hospital_1:3924:submit:discuss,D4,hospital_1:3924,hospital_1,train,submit,discuss,Qwen3-1.7B;Qwen3-14B;Qwen3-4B;Qwen3-8B
d4_0255.txt,D4:v4_d4_final_grid:62c11c82a712:hospital_1:3926:execute:outline,D4,hospital_1:3926,hospital_1,train,execute,outline,Qwen3-1.7B;Qwen3-14B;Qwen3-4B;Qwen3-8B
d4_0256.txt,D4:v4_d4_final_grid:62c11c82a712:hospital_1:3927:launch:discuss,D4,hospital_1:3927,hospital_1,train,launch,discuss,Qwen3-1.7B;Qwen3-14B;Qwen3-4B;Qwen3-8B
d4_0257.txt,D4:v4_d4_final_grid:62c11c82a712:hospital_1:3937:execute:discuss,D4,hospital_1:3937,hospital_1,train,execute,discuss,Qwen3-1.7B;Qwen3-14B;Qwen3-4B;Qwen3-8B
d4_0258.txt,D4:v4_d4_final_grid:62c11c82a712:hospital_1:3946:issue:discuss,D4,hospital_1:3946,hospital_1,train,issue,discuss,Qwen3-1.7B;Qwen3-14B;Qwen3-4B;Qwen3-8B
d4_0259.txt,D4:v4_d4_final_grid:62c11c82a712:hospital_1:3952:execute:detail,D4,hospital_1:3952,hospital_1,train,execute,detail,Qwen3-1.7B;Qwen3-14B;Qwen3-4B;Qwen3-8B
d4_0260.txt,D4:v4_d4_final_grid:62c11c82a712:hospital_1:3953:execute:detail,D4,hospital_1:3953,hospital_1,train,execute,detail,Qwen3-1.7B;Qwen3-14B;Qwen3-4B;Qwen3-8B
d4_0261.txt,D4:v4_d4_final_grid:62c11c82a712:hospital_1:3972:submit:outline,D4,hospital_1:3972,hospital_1,train,submit,outline,Qwen3-1.7B;Qwen3-14B;Qwen3-4B;Qwen3-8B
d4_0262.txt,D4:v4_d4_final_grid:62c11c82a712:hospital_1:3974:submit:outline,D4,hospital_1:3974,hospital_1,train,submit,outline,Qwen3-1.7B;Qwen3-14B;Qwen3-4B;Qwen3-8B
d4_0263.txt,D4:v4_d4_final_grid:62c11c82a712:hospital_1:3978:issue:review,D4,hospital_1:3978,hospital_1,train,issue,review,Qwen3-1.7B;Qwen3-14B;Qwen3-4B;Qwen3-8B
d4_0264.txt,D4:v4_d4_final_grid:62c11c82a712:hospital_1:3986:run:outline,D4,hospital_1:3986,hospital_1,train,run,outline,Qwen3-1.7B;Qwen3-14B;Qwen3-4B;Qwen3-8B
d4_0265.txt,D4:v4_d4_final_grid:62c11c82a712:hospital_1:3987:launch:detail,D4,hospital_1:3987,hospital_1,train,launch,detail,Qwen3-1.7B;Qwen3-14B;Qwen3-4B;Qwen3-8B
d4_0266.txt,D4:v4_d4_final_grid:62c11c82a712:hr_1:3421:issue:describe,D4,hr_1:3421,hr_1,train,issue,describe,Qwen3-1.7B;Qwen3-14B;Qwen3-4B;Qwen3-8B
d4_0267.txt,D4:v4_d4_final_grid:62c11c82a712:hr_1:3432:issue:describe,D4,hr_1:3432,hr_1,train,issue,describe,Qwen3-1.7B;Qwen3-14B;Qwen3-4B;Qwen3-8B
d4_0268.txt,D4:v4_d4_final_grid:62c11c82a712:hr_1:3452:issue:describe,D4,hr_1:3452,hr_1,train,issue,describe,Qwen3-1.7B;Qwen3-14B;Qwen3-4B;Qwen3-8B
d4_0269.txt,D4:v4_d4_final_grid:62c11c82a712:hr_1:3459:issue:review,D4,hr_1:3459,hr_1,train,issue,review,Qwen3-1.7B;Qwen3-14B;Qwen3-4B;Qwen3-8B
d4_0270.txt,D4:v4_d4_final_grid:62c11c82a712:hr_1:3517:run:discuss,D4,hr_1:3517,hr_1,train,run,discuss,Qwen3-1.7B;Qwen3-14B;Qwen3-4B;Qwen3-8B
d4_0271.txt,D4:v4_d4_final_grid:62c11c82a712:hr_1:3518:launch:review,D4,hr_1:3518,hr_1,train,launch,review,Qwen3-1.7B;Qwen3-14B;Qwen3-4B;Qwen3-8B
d4_0272.txt,D4:v4_d4_final_grid:62c11c82a712:hr_1:3527:issue:detail,D4,hr_1:3527,hr_1,train,issue,detail,Qwen3-1.7B;Qwen3-14B;Qwen3-4B;Qwen3-8B
d4_0273.txt,D4:v4_d4_final_grid:62c11c82a712:icfp_1:2898:execute:describe,D4,icfp_1:2898,icfp_1,train,execute,describe,Qwen3-1.7B;Qwen3-14B;Qwen3-4B;Qwen3-8B
d4_0274.txt,D4:v4_d4_final_grid:62c11c82a712:icfp_1:2899:launch:describe,D4,icfp_1:2899,icfp_1,train,launch,describe,Qwen3-1.7B;Qwen3-14B;Qwen3-4B;Qwen3-8B
d4_0275.txt,D4:v4_d4_final_grid:62c11c82a712:icfp_1:2920:submit:detail,D4,icfp_1:2920,icfp_1,train,submit,detail,Qwen3-1.7B;Qwen3-14B;Qwen3-4B;Qwen3-8B
d4_0276.txt,D4:v4_d4_final_grid:62c11c82a712:inn_1:2572:submit:review,D4,inn_1:2572,inn_1,train,submit,review,Qwen3-1.7B;Qwen3-14B;Qwen3-4B;Qwen3-8B
d4_0277.txt,D4:v4_d4_final_grid:62c11c82a712:inn_1:2582:issue:outline,D4,inn_1:2582,inn_1,train,issue,outline,Qwen3-1.7B;Qwen3-14B;Qwen3-4B;Qwen3-8B
d4_0278.txt,D4:v4_d4_final_grid:62c11c82a712:inn_1:2604:launch:describe,D4,inn_1:2604,inn_1,train,launch,describe,Qwen3-1.7B;Qwen3-14B;Qwen3-4B;Qwen3-8B
d4_0279.txt,D4:v4_d4_final_grid:62c11c82a712:inn_1:2642:issue:describe,D4,inn_1:2642,inn_1,train,issue,describe,Qwen3-1.7B;Qwen3-14B;Qwen3-4B;Qwen3-8B
d4_0280.txt,D4:v4_d4_final_grid:62c11c82a712:insurance_and_eClaims:1508:execute:describe,D4,insurance_and_eClaims:1508,insurance_and_eClaims,train,execute,describe,Qwen3-1.7B;Qwen3-14B;Qwen3-4B;Qwen3-8B
d4_0281.txt,D4:v4_d4_final_grid:62c11c82a712:insurance_fnol:900:submit:describe,D4,insurance_fnol:900,insurance_fnol,train,submit,describe,Qwen3-1.7B;Qwen3-14B;Qwen3-4B;Qwen3-8B
d4_0282.txt,D4:v4_d4_final_grid:62c11c82a712:insurance_fnol:903:issue:review,D4,insurance_fnol:903,insurance_fnol,train,issue,review,Qwen3-1.7B;Qwen3-14B;Qwen3-4B;Qwen3-8B
d4_0283.txt,D4:v4_d4_final_grid:62c11c82a712:insurance_fnol:904:execute:discuss,D4,insurance_fnol:904,insurance_fnol,train,execute,discuss,Qwen3-1.7B;Qwen3-14B;Qwen3-4B;Qwen3-8B
d4_0284.txt,D4:v4_d4_final_grid:62c11c82a712:insurance_fnol:905:issue:detail,D4,insurance_fnol:905,insurance_fnol,train,issue,detail,Qwen3-1.7B;Qwen3-14B;Qwen3-4B;Qwen3-8B
d4_0285.txt,D4:v4_d4_final_grid:62c11c82a712:insurance_fnol:916:run:detail,D4,insurance_fnol:916,insurance_fnol,train,run,detail,Qwen3-1.7B;Qwen3-14B;Qwen3-4B;Qwen3-8B
d4_0286.txt,D4:v4_d4_final_grid:62c11c82a712:insurance_fnol:924:execute:outline,D4,insurance_fnol:924,insurance_fnol,train,execute,outline,Qwen3-1.7B;Qwen3-14B;Qwen3-4B;Qwen3-8B
d4_0287.txt,D4:v4_d4_final_grid:62c11c82a712:insurance_policies:3854:launch:detail,D4,insurance_policies:3854,insurance_policies,train,launch,detail,Qwen3-1.7B;Qwen3-14B;Qwen3-4B;Qwen3-8B
d4_0288.txt,D4:v4_d4_final_grid:62c11c82a712:insurance_policies:3855:execute:detail,D4,insurance_policies:3855,insurance_policies,train,execute,detail,Qwen3-1.7B;Qwen3-14B;Qwen3-4B;Qwen3-8B
d4_0289.txt,D4:v4_d4_final_grid:62c11c82a712:insurance_policies:3858:launch:describe,D4,insurance_policies:3858,insurance_policies,train,launch,describe,Qwen3-1.7B;Qwen3-14B;Qwen3-4B;Qwen3-8B
d4_0290.txt,D4:v4_d4_final_grid:62c11c82a712:insurance_policies:3875:launch:review,D4,insurance_policies:3875,insurance_policies,train,launch,review,Qwen3-1.7B;Qwen3-14B;Qwen3-4B;Qwen3-8B
d4_0291.txt,D4:v4_d4_final_grid:62c11c82a712:journal_committee:653:run:review,D4,journal_committee:653,journal_committee,test,run,review,Qwen3-1.7B;Qwen3-14B;Qwen3-4B;Qwen3-8B
d4_0292.txt,D4:v4_d4_final_grid:62c11c82a712:journal_committee:656:run:outline,D4,journal_committee:656,journal_committee,test,run,outline,Qwen3-1.7B;Qwen3-14B;Qwen3-4B;Qwen3-8B
d4_0293.txt,D4:v4_d4_final_grid:62c11c82a712:journal_committee:663:run:outline,D4,journal_committee:663,journal_committee,test,run,outline,Qwen3-1.7B;Qwen3-14B;Qwen3-4B;Qwen3-8B
d4_0294.txt,D4:v4_d4_final_grid:62c11c82a712:loan_1:3043:submit:discuss,D4,loan_1:3043,loan_1,train,submit,discuss,Qwen3-1.7B;Qwen3-14B;Qwen3-4B;Qwen3-8B
d4_0295.txt,D4:v4_d4_final_grid:62c11c82a712:loan_1:3069:execute:outline,D4,loan_1:3069,loan_1,train,execute,outline,Qwen3-1.7B;Qwen3-14B;Qwen3-4B;Qwen3-8B
d4_0296.txt,D4:v4_d4_final_grid:62c11c82a712:local_govt_and_lot:4854:submit:discuss,D4,local_govt_and_lot:4854,local_govt_and_lot,train,submit,discuss,Qwen3-1.7B;Qwen3-14B;Qwen3-4B;Qwen3-8B
d4_0297.txt,D4:v4_d4_final_grid:62c11c82a712:local_govt_in_alabama:2139:issue:discuss,D4,local_govt_in_alabama:2139,local_govt_in_alabama,test,issue,discuss,Qwen3-1.7B;Qwen3-14B;Qwen3-4B;Qwen3-8B
d4_0298.txt,D4:v4_d4_final_grid:62c11c82a712:local_govt_in_alabama:2152:issue:discuss,D4,local_govt_in_alabama:2152,local_govt_in_alabama,test,issue,discuss,Qwen3-1.7B;Qwen3-14B;Qwen3-4B;Qwen3-8B
d4_0299.txt,D4:v4_d4_final_grid:62c11c82a712:machine_repair:2235:issue:detail,D4,machine_repair:2235,machine_repair,train,issue,detail,Qwen3-1.7B;Qwen3-14B;Qwen3-4B;Qwen3-8B
d4_0300.txt,D4:v4_d4_final_grid:62c11c82a712:machine_repair:2236:issue:detail,D4,machine_repair:2236,machine_repair,train,issue,detail,Qwen3-1.7B;Qwen3-14B;Qwen3-4B;Qwen3-8B
d4_0301.txt,D4:v4_d4_final_grid:62c11c82a712:machine_repair:2240:run:discuss,D4,machine_repair:2240,machine_repair,train,run,discuss,Qwen3-1.7B;Qwen3-14B;Qwen3-4B;Qwen3-8B
d4_0302.txt,D4:v4_d4_final_grid:62c11c82a712:machine_repair:2251:run:outline,D4,machine_repair:2251,machine_repair,train,run,outline,Qwen3-1.7B;Qwen3-14B;Qwen3-4B;Qwen3-8B
d4_0303.txt,D4:v4_d4_final_grid:62c11c82a712:manufactory_1:5283:submit:describe,D4,manufactory_1:5283,manufactory_1,train,submit,describe,Qwen3-1.7B;Qwen3-14B;Qwen3-4B;Qwen3-8B
d4_0304.txt,D4:v4_d4_final_grid:62c11c82a712:manufactory_1:5290:issue:describe,D4,manufactory_1:5290,manufactory_1,train,issue,describe,Qwen3-1.7B;Qwen3-14B;Qwen3-4B;Qwen3-8B
d4_0305.txt,D4:v4_d4_final_grid:62c11c82a712:manufactory_1:5298:run:discuss,D4,manufactory_1:5298,manufactory_1,train,run,discuss,Qwen3-1.7B;Qwen3-14B;Qwen3-4B;Qwen3-8B
d4_0306.txt,D4:v4_d4_final_grid:62c11c82a712:manufactory_1:5334:issue:describe,D4,manufactory_1:5334,manufactory_1,train,issue,describe,Qwen3-1.7B;Qwen3-14B;Qwen3-4B;Qwen3-8B
d4_0307.txt,D4:v4_d4_final_grid:62c11c82a712:manufacturer:3390:submit:detail,D4,manufacturer:3390,manufacturer,train,submit,detail,Qwen3-1.7B;Qwen3-14B;Qwen3-4B;Qwen3-8B
d4_0308.txt,D4:v4_d4_final_grid:62c11c82a712:manufacturer:3392:submit:discuss,D4,manufacturer:3392,manufacturer,train,submit,discuss,Qwen3-1.7B;Qwen3-14B;Qwen3-4B;Qwen3-8B
d4_0309.txt,D4:v4_d4_final_grid:62c11c82a712:manufacturer:3393:issue:detail,D4,manufacturer:3393,manufacturer,train,issue,detail,Qwen3-1.7B;Qwen3-14B;Qwen3-4B;Qwen3-8B
d4_0310.txt,D4:v4_d4_final_grid:62c11c82a712:match_season:1056:submit:discuss,D4,match_season:1056,match_season,train,submit,discuss,Qwen3-1.7B;Qwen3-14B;Qwen3-4B;Qwen3-8B
d4_0311.txt,D4:v4_d4_final_grid:62c11c82a712:match_season:1102:execute:review,D4,match_season:1102,match_season,train,execute,review,Qwen3-1.7B;Qwen3-14B;Qwen3-4B;Qwen3-8B
d4_0312.txt,D4:v4_d4_final_grid:62c11c82a712:match_season:1103:issue:review,D4,match_season:1103,match_season,train,issue,review,Qwen3-1.7B;Qwen3-14B;Qwen3-4B;Qwen3-8B
d4_0313.txt,D4:v4_d4_final_grid:62c11c82a712:match_season:1104:execute:describe,D4,match_season:1104,match_season,train,execute,describe,Qwen3-1.7B;Qwen3-14B;Qwen3-4B;Qwen3-8B
d4_0314.txt,D4:v4_d4_final_grid:62c11c82a712:medicine_enzyme_interaction:946:submit:detail,D4,medicine_enzyme_interaction:946,medicine_enzyme_interaction,train,submit,detail,Qwen3-1.7B;Qwen3-14B;Qwen3-4B;Qwen3-8B
d4_0315.txt,D4:v4_d4_final_grid:62c11c82a712:medicine_enzyme_interaction:950:submit:detail,D4,medicine_enzyme_interaction:950,medicine_enzyme_interaction,train,submit,detail,Qwen3-1.7B;Qwen3-14B;Qwen3-4B;Qwen3-8B
d4_0316.txt,D4:v4_d4_final_grid:62c11c82a712:medicine_enzyme_interaction:953:issue:outline,D4,medicine_enzyme_interaction:953,medicine_enzyme_interaction,train,issue,outline,Qwen3-1.7B;Qwen3-14B;Qwen3-4B;Qwen3-8B
d4_0317.txt,D4:v4_d4_final_grid:62c11c82a712:mountain_photos:3726:submit:describe,D4,mountain_photos:3726,mountain_photos,test,submit,describe,Qwen3-1.7B;Qwen3-14B;Qwen3-4B;Qwen3-8B
d4_0318.txt,D4:v4_d4_final_grid:62c11c82a712:movie_1:2437:issue:discuss,D4,movie_1:2437,movie_1,train,issue,discuss,Qwen3-1.7B;Qwen3-14B;Qwen3-4B;Qwen3-8B
d4_0319.txt,D4:v4_d4_final_grid:62c11c82a712:movie_1:2496:run:outline,D4,movie_1:2496,movie_1,train,run,outline,Qwen3-1.7B;Qwen3-14B;Qwen3-4B;Qwen3-8B
d4_0320.txt,D4:v4_d4_final_grid:62c11c82a712:movie_1:2497:submit:detail,D4,movie_1:2497,movie_1,train,submit,detail,Qwen3-1.7B;Qwen3-14B;Qwen3-4B;Qwen3-8B
d4_0321.txt,D4:v4_d4_final_grid:62c11c82a712:music_1:3532:launch:discuss,D4,music_1:3532,music_1,train,launch,discuss,Qwen3-1.7B;Qwen3-14B;Qwen3-4B;Qwen3-8B
d4_0322.txt,D4:v4_d4_final_grid:62c11c82a712:music_1:3543:issue:discuss,D4,music_1:3543,music_1,train,issue,discuss,Qwen3-1.7B;Qwen3-14B;Qwen3-4B;Qwen3-8B
d4_0323.txt,D4:v4_d4_final_grid:62c11c82a712:music_1:3547:run:describe,D4,music_1:3547,music_1,train,run,describe,Qwen3-1.7B;Qwen3-14B;Qwen3-4B;Qwen3-8B
d4_0324.txt,D4:v4_d4_final_grid:62c11c82a712:music_1:3577:launch:detail,D4,music_1:3577,music_1,train,launch,detail,Qwen3-1.7B;Qwen3-14B;Qwen3-4B;Qwen3-8B
d4_0325.txt,D4:v4_d4_final_grid:62c11c82a712:music_1:3578:execute:detail,D4,music_1:3578,music_1,train,execute,detail,Qwen3-1.7B;Qwen3-14B;Qwen3-4B;Qwen3-8B
d4_0326.txt,D4:v4_d4_final_grid:62c11c82a712:music_1:3619:execute:outline,D4,music_1:3619,music_1,train,execute,outline,Qwen3-1.7B;Qwen3-14B;Qwen3-4B;Qwen3-8B
d4_0327.txt,D4:v4_d4_final_grid:62c11c82a712:music_1:3620:issue:outline,D4,music_1:3620,music_1,train,issue,outline,Qwen3-1.7B;Qwen3-14B;Qwen3-4B;Qwen3-8B
d4_0328.txt,D4:v4_d4_final_grid:62c11c82a712:music_1:3623:submit:describe,D4,music_1:3623,music_1,train,submit,describe,Qwen3-1.7B;Qwen3-14B;Qwen3-4B;Qwen3-8B
d4_0329.txt,D4:v4_d4_final_grid:62c11c82a712:music_1:3624:submit:describe,D4,music_1:3624,music_1,train,submit,describe,Qwen3-1.7B;Qwen3-14B;Qwen3-4B;Qwen3-8B
d4_0330.txt,D4:v4_d4_final_grid:62c11c82a712:music_4:6178:run:discuss,D4,music_4:6178,music_4,train,run,discuss,Qwen3-1.7B;Qwen3-14B;Qwen3-4B;Qwen3-8B
d4_0331.txt,D4:v4_d4_final_grid:62c11c82a712:music_4:6180:execute:discuss,D4,music_4:6180,music_4,train,execute,discuss,Qwen3-1.7B;Qwen3-14B;Qwen3-4B;Qwen3-8B
d4_0332.txt,D4:v4_d4_final_grid:62c11c82a712:musical:237:launch:detail,D4,musical:237,musical,train,launch,detail,Qwen3-1.7B;Qwen3-14B;Qwen3-4B;Qwen3-8B
d4_0333.txt,D4:v4_d4_final_grid:62c11c82a712:network_2:4419:execute:describe,D4,network_2:4419,network_2,train,execute,describe,Qwen3-1.7B;Qwen3-14B;Qwen3-4B;Qwen3-8B
d4_0334.txt,D4:v4_d4_final_grid:62c11c82a712:network_2:4429:launch:describe,D4,network_2:4429,network_2,train,launch,describe,Qwen3-1.7B;Qwen3-14B;Qwen3-4B;Qwen3-8B
d4_0335.txt,D4:v4_d4_final_grid:62c11c82a712:network_2:4450:execute:describe,D4,network_2:4450,network_2,train,execute,describe,Qwen3-1.7B;Qwen3-14B;Qwen3-4B;Qwen3-8B
d4_0336.txt,D4:v4_d4_final_grid:62c11c82a712:news_report:2803:run:detail,D4,news_report:2803,news_report,train,run,detail,Qwen3-1.7B;Qwen3-14B;Qwen3-4B;Qwen3-8B
d4_0337.txt,D4:v4_d4_final_grid:62c11c82a712:news_report:2815:issue:outline,D4,news_report:2815,news_report,train,issue,outline,Qwen3-1.7B;Qwen3-14B;Qwen3-4B;Qwen3-8B
d4_0338.txt,D4:v4_d4_final_grid:62c11c82a712:news_report:2817:submit:describe,D4,news_report:2817,news_report,train,submit,describe,Qwen3-1.7B;Qwen3-14B;Qwen3-4B;Qwen3-8B
d4_0339.txt,D4:v4_d4_final_grid:62c11c82a712:news_report:2819:execute:detail,D4,news_report:2819,news_report,train,execute,detail,Qwen3-1.7B;Qwen3-14B;Qwen3-4B;Qwen3-8B
d4_0340.txt,D4:v4_d4_final_grid:62c11c82a712:party_host:2662:launch:detail,D4,party_host:2662,party_host,test,launch,detail,Qwen3-1.7B;Qwen3-14B;Qwen3-4B;Qwen3-8B
d4_0341.txt,D4:v4_d4_final_grid:62c11c82a712:party_host:2663:issue:detail,D4,party_host:2663,party_host,test,issue,detail,Qwen3-1.7B;Qwen3-14B;Qwen3-4B;Qwen3-8B
d4_0342.txt,D4:v4_d4_final_grid:62c11c82a712:party_host:2682:run:detail,D4,party_host:2682,party_host,test,run,detail,Qwen3-1.7B;Qwen3-14B;Qwen3-4B;Qwen3-8B
d4_0343.txt,D4:v4_d4_final_grid:62c11c82a712:party_people:2080:issue:review,D4,party_people:2080,party_people,train,issue,review,Qwen3-1.7B;Qwen3-14B;Qwen3-4B;Qwen3-8B
d4_0344.txt,D4:v4_d4_final_grid:62c11c82a712:performance_attendance:1308:execute:discuss,D4,performance_attendance:1308,performance_attendance,train,execute,discuss,Qwen3-1.7B;Qwen3-14B;Qwen3-4B;Qwen3-8B
d4_0345.txt,D4:v4_d4_final_grid:62c11c82a712:performance_attendance:1321:launch:review,D4,performance_attendance:1321,performance_attendance,train,launch,review,Qwen3-1.7B;Qwen3-14B;Qwen3-4B;Qwen3-8B
d4_0346.txt,D4:v4_d4_final_grid:62c11c82a712:perpetrator:2311:launch:outline,D4,perpetrator:2311,perpetrator,train,launch,outline,Qwen3-1.7B;Qwen3-14B;Qwen3-4B;Qwen3-8B
d4_0347.txt,D4:v4_d4_final_grid:62c11c82a712:phone_1:1036:run:outline,D4,phone_1:1036,phone_1,train,run,outline,Qwen3-1.7B;Qwen3-14B;Qwen3-4B;Qwen3-8B
d4_0348.txt,D4:v4_d4_final_grid:62c11c82a712:phone_market:1981:submit:review,D4,phone_market:1981,phone_market,train,submit,review,Qwen3-1.7B;Qwen3-14B;Qwen3-4B;Qwen3-8B
d4_0349.txt,D4:v4_d4_final_grid:62c11c82a712:phone_market:1984:submit:discuss,D4,phone_market:1984,phone_market,train,submit,discuss,Qwen3-1.7B;Qwen3-14B;Qwen3-4B;Qwen3-8B
d4_0350.txt,D4:v4_d4_final_grid:62c11c82a712:phone_market:1991:launch:detail,D4,phone_market:1991,phone_market,train,launch,detail,Qwen3-1.7B;Qwen3-14B;Qwen3-4B;Qwen3-8B
d4_0351.txt,D4:v4_d4_final_grid:62c11c82a712:products_for_hire:1966:run:outline,D4,products_for_hire:1966,products_for_hire,train,run,outline,Qwen3-1.7B;Qwen3-14B;Qwen3-4B;Qwen3-8B
d4_0352.txt,D4:v4_d4_final_grid:62c11c82a712:products_gen_characteristics:5548:run:review,D4,products_gen_characteristics:5548,products_gen_characteristics,train,run,review,Qwen3-1.7B;Qwen3-14B;Qwen3-4B;Qwen3-8B
d4_0353.txt,D4:v4_d4_final_grid:62c11c82a712:products_gen_characteristics:5549:run:review,D4,products_gen_characteristics:5549,products_gen_characteristics,train,run,review,Qwen3-1.7B;Qwen3-14B;Qwen3-4B;Qwen3-8B
d4_0354.txt,D4:v4_d4_final_grid:62c11c82a712:products_gen_characteristics:5569:run:detail,D4,products_gen_characteristics:5569,products_gen_characteristics,train,run,detail,Qwen3-1.7B;Qwen3-14B;Qwen3-4B;Qwen3-8B
d4_0355.txt,D4:v4_d4_final_grid:62c11c82a712:products_gen_characteristics:5594:submit:outline,D4,products_gen_characteristics:5594,products_gen_characteristics,train,submit,outline,Qwen3-1.7B;Qwen3-14B;Qwen3-4B;Qwen3-8B
d4_0356.txt,D4:v4_d4_final_grid:62c11c82a712:products_gen_characteristics:5598:submit:detail,D4,products_gen_characteristics:5598,products_gen_characteristics,train,submit,detail,Qwen3-1.7B;Qwen3-14B;Qwen3-4B;Qwen3-8B
d4_0357.txt,D4:v4_d4_final_grid:62c11c82a712:program_share:3741:submit:discuss,D4,program_share:3741,program_share,train,submit,discuss,Qwen3-1.7B;Qwen3-14B;Qwen3-4B;Qwen3-8B
d4_0358.txt,D4:v4_d4_final_grid:62c11c82a712:program_share:3745:run:detail,D4,program_share:3745,program_share,train,run,detail,Qwen3-1.7B;Qwen3-14B;Qwen3-4B;Qwen3-8B
d4_0359.txt,D4:v4_d4_final_grid:62c11c82a712:program_share:3754:issue:outline,D4,program_share:3754,program_share,train,issue,outline,Qwen3-1.7B;Qwen3-14B;Qwen3-4B;Qwen3-8B
d4_0360.txt,D4:v4_d4_final_grid:62c11c82a712:program_share:3755:issue:outline,D4,program_share:3755,program_share,train,issue,outline,Qwen3-1.7B;Qwen3-14B;Qwen3-4B;Qwen3-8B
d4_0361.txt,D4:v4_d4_final_grid:62c11c82a712:program_share:3766:run:outline,D4,program_share:3766,program_share,train,run,outline,Qwen3-1.7B;Qwen3-14B;Qwen3-4B;Qwen3-8B
d4_0362.txt,D4:v4_d4_final_grid:62c11c82a712:race_track:751:issue:discuss,D4,race_track:751,race_track,train,issue,discuss,Qwen3-1.7B;Qwen3-14B;Qwen3-4B;Qwen3-8B
d4_0363.txt,D4:v4_d4_final_grid:62c11c82a712:race_track:752:submit:discuss,D4,race_track:752,race_track,train,submit,discuss,Qwen3-1.7B;Qwen3-14B;Qwen3-4B;Qwen3-8B
d4_0364.txt,D4:v4_d4_final_grid:62c11c82a712:race_track:754:run:review,D4,race_track:754,race_track,train,run,review,Qwen3-1.7B;Qwen3-14B;Qwen3-4B;Qwen3-8B
d4_0365.txt,D4:v4_d4_final_grid:62c11c82a712:race_track:766:execute:detail,D4,race_track:766,race_track,train,execute,detail,Qwen3-1.7B;Qwen3-14B;Qwen3-4B;Qwen3-8B
d4_0366.txt,D4:v4_d4_final_grid:62c11c82a712:race_track:771:run:describe,D4,race_track:771,race_track,train,run,describe,Qwen3-1.7B;Qwen3-14B;Qwen3-4B;Qwen3-8B
d4_0367.txt,D4:v4_d4_final_grid:62c11c82a712:race_track:777:submit:describe,D4,race_track:777,race_track,train,submit,describe,Qwen3-1.7B;Qwen3-14B;Qwen3-4B;Qwen3-8B
d4_0368.txt,D4:v4_d4_final_grid:62c11c82a712:railway:5633:submit:discuss,D4,railway:5633,railway,train,submit,discuss,Qwen3-1.7B;Qwen3-14B;Qwen3-4B;Qwen3-8B
d4_0369.txt,D4:v4_d4_final_grid:62c11c82a712:railway:5639:execute:discuss,D4,railway:5639,railway,train,execute,discuss,Qwen3-1.7B;Qwen3-14B;Qwen3-4B;Qwen3-8B
d4_0370.txt,D4:v4_d4_final_grid:62c11c82a712:railway:5644:run:describe,D4,railway:5644,railway,train,run,describe,Qwen3-1.7B;Qwen3-14B;Qwen3-4B;Qwen3-8B
d4_0371.txt,D4:v4_d4_final_grid:62c11c82a712:railway:5651:launch:review,D4,railway:5651,railway,train,launch,review,Qwen3-1.7B;Qwen3-14B;Qwen3-4B;Qwen3-8B
d4_0372.txt,D4:v4_d4_final_grid:62c11c82a712:restaurant_1:2825:execute:outline,D4,restaurant_1:2825,restaurant_1,train,execute,outline,Qwen3-1.7B;Qwen3-14B;Qwen3-4B;Qwen3-8B
d4_0373.txt,D4:v4_d4_final_grid:62c11c82a712:restaurant_1:2828:launch:review,D4,restaurant_1:2828,restaurant_1,train,launch,review,Qwen3-1.7B;Qwen3-14B;Qwen3-4B;Qwen3-8B
d4_0374.txt,D4:v4_d4_final_grid:62c11c82a712:restaurant_1:2834:launch:review,D4,restaurant_1:2834,restaurant_1,train,launch,review,Qwen3-1.7B;Qwen3-14B;Qwen3-4B;Qwen3-8B
d4_0375.txt,D4:v4_d4_final_grid:62c11c82a712:riding_club:1724:run:discuss,D4,riding_club:1724,riding_club,train,run,discuss,Qwen3-1.7B;Qwen3-14B;Qwen3-4B;Qwen3-8B
d4_0376.txt,D4:v4_d4_final_grid:62c11c82a712:roller_coaster:6206:run:review,D4,roller_coaster:6206,roller_coaster,test,run,review,Qwen3-1.7B;Qwen3-14B;Qwen3-4B;Qwen3-8B
d4_0377.txt,D4:v4_d4_final_grid:62c11c82a712:roller_coaster:6212:submit:review,D4,roller_coaster:6212,roller_coaster,test,submit,review,Qwen3-1.7B;Qwen3-14B;Qwen3-4B;Qwen3-8B
d4_0378.txt,D4:v4_d4_final_grid:62c11c82a712:roller_coaster:6219:issue:review,D4,roller_coaster:6219,roller_coaster,test,issue,review,Qwen3-1.7B;Qwen3-14B;Qwen3-4B;Qwen3-8B
d4_0379.txt,D4:v4_d4_final_grid:62c11c82a712:sakila_1:3000:launch:describe,D4,sakila_1:3000,sakila_1,train,launch,describe,Qwen3-1.7B;Qwen3-14B;Qwen3-4B;Qwen3-8B
d4_0380.txt,D4:v4_d4_final_grid:62c11c82a712:school_bus:6350:execute:describe,D4,school_bus:6350,school_bus,train,execute,describe,Qwen3-1.7B;Qwen3-14B;Qwen3-4B;Qwen3-8B
d4_0381.txt,D4:v4_d4_final_grid:62c11c82a712:school_bus:6354:launch:discuss,D4,school_bus:6354,school_bus,train,launch,discuss,Qwen3-1.7B;Qwen3-14B;Qwen3-4B;Qwen3-8B
d4_0382.txt,D4:v4_d4_final_grid:62c11c82a712:school_bus:6364:run:describe,D4,school_bus:6364,school_bus,train,run,describe,Qwen3-1.7B;Qwen3-14B;Qwen3-4B;Qwen3-8B
d4_0383.txt,D4:v4_d4_final_grid:62c11c82a712:school_player:4874:launch:discuss,D4,school_player:4874,school_player,train,launch,discuss,Qwen3-1.7B;Qwen3-14B;Qwen3-4B;Qwen3-8B
d4_0384.txt,D4:v4_d4_final_grid:62c11c82a712:school_player:4884:submit:review,D4,school_player:4884,school_player,train,submit,review,Qwen3-1.7B;Qwen3-14B;Qwen3-4B;Qwen3-8B
d4_0385.txt,D4:v4_d4_final_grid:62c11c82a712:scientist_1:6507:run:describe,D4,scientist_1:6507,scientist_1,train,run,describe,Qwen3-1.7B;Qwen3-14B;Qwen3-4B;Qwen3-8B
d4_0386.txt,D4:v4_d4_final_grid:62c11c82a712:scientist_1:6513:issue:outline,D4,scientist_1:6513,scientist_1,train,issue,outline,Qwen3-1.7B;Qwen3-14B;Qwen3-4B;Qwen3-8B
d4_0387.txt,D4:v4_d4_final_grid:62c11c82a712:scientist_1:6514:launch:outline,D4,scientist_1:6514,scientist_1,train,launch,outline,Qwen3-1.7B;Qwen3-14B;Qwen3-4B;Qwen3-8B
d4_0388.txt,D4:v4_d4_final_grid:62c11c82a712:ship_1:6266:submit:outline,D4,ship_1:6266,ship_1,train,submit,outline,Qwen3-1.7B;Qwen3-14B;Qwen3-4B;Qwen3-8B
d4_0389.txt,D4:v4_d4_final_grid:62c11c82a712:ship_mission:4001:submit:detail,D4,ship_mission:4001,ship_mission,train,submit,detail,Qwen3-1.7B;Qwen3-14B;Qwen3-4B;Qwen3-8B
d4_0390.txt,D4:v4_d4_final_grid:62c11c82a712:ship_mission:4006:launch:review,D4,ship_mission:4006,ship_mission,train,launch,review,Qwen3-1.7B;Qwen3-14B;Qwen3-4B;Qwen3-8B
d4_0391.txt,D4:v4_d4_final_grid:62c11c82a712:shop_membership:5403:launch:review,D4,shop_membership:5403,shop_membership,train,launch,review,Qwen3-1.7B;Qwen3-14B;Qwen3-4B;Qwen3-8B
d4_0392.txt,D4:v4_d4_final_grid:62c11c82a712:shop_membership:5407:execute:describe,D4,shop_membership:5407,shop_membership,train,execute,describe,Qwen3-1.7B;Qwen3-14B;Qwen3-4B;Qwen3-8B
d4_0393.txt,D4:v4_d4_final_grid:62c11c82a712:shop_membership:5417:issue:detail,D4,shop_membership:5417,shop_membership,train,issue,detail,Qwen3-1.7B;Qwen3-14B;Qwen3-4B;Qwen3-8B
d4_0394.txt,D4:v4_d4_final_grid:62c11c82a712:shop_membership:5418:execute:outline,D4,shop_membership:5418,shop_membership,train,execute,outline,Qwen3-1.7B;Qwen3-14B;Qwen3-4B;Qwen3-8B
d4_0395.txt,D4:v4_d4_final_grid:62c11c82a712:shop_membership:5419:execute:outline,D4,shop_membership:5419,shop_membership,train,execute,outline,Qwen3-1.7B;Qwen3-14B;Qwen3-4B;Qwen3-8B
d4_0396.txt,D4:v4_d4_final_grid:62c11c82a712:shop_membership:5426:launch:discuss,D4,shop_membership:5426,shop_membership,train,launch,discuss,Qwen3-1.7B;Qwen3-14B;Qwen3-4B;Qwen3-8B
d4_0397.txt,D4:v4_d4_final_grid:62c11c82a712:shop_membership:5430:launch:discuss,D4,shop_membership:5430,shop_membership,train,launch,discuss,Qwen3-1.7B;Qwen3-14B;Qwen3-4B;Qwen3-8B
d4_0398.txt,D4:v4_d4_final_grid:62c11c82a712:shop_membership:5432:issue:review,D4,shop_membership:5432,shop_membership,train,issue,review,Qwen3-1.7B;Qwen3-14B;Qwen3-4B;Qwen3-8B
d4_0399.txt,D4:v4_d4_final_grid:62c11c82a712:small_bank_1:1818:run:outline,D4,small_bank_1:1818,small_bank_1,train,run,outline,Qwen3-1.7B;Qwen3-14B;Qwen3-4B;Qwen3-8B
d4_0400.txt,D4:v4_d4_final_grid:62c11c82a712:small_bank_1:1824:submit:discuss,D4,small_bank_1:1824,small_bank_1,train,submit,discuss,Qwen3-1.7B;Qwen3-14B;Qwen3-4B;Qwen3-8B
d4_0401.txt,D4:v4_d4_final_grid:62c11c82a712:soccer_2:4983:execute:describe,D4,soccer_2:4983,soccer_2,train,execute,describe,Qwen3-1.7B;Qwen3-14B;Qwen3-4B;Qwen3-8B
d4_0402.txt,D4:v4_d4_final_grid:62c11c82a712:soccer_2:5026:run:review,D4,soccer_2:5026,soccer_2,train,run,review,Qwen3-1.7B;Qwen3-14B;Qwen3-4B;Qwen3-8B
d4_0403.txt,D4:v4_d4_final_grid:62c11c82a712:sports_competition:3345:submit:discuss,D4,sports_competition:3345,sports_competition,train,submit,discuss,Qwen3-1.7B;Qwen3-14B;Qwen3-4B;Qwen3-8B
d4_0404.txt,D4:v4_d4_final_grid:62c11c82a712:sports_competition:3351:launch:detail,D4,sports_competition:3351,sports_competition,train,launch,detail,Qwen3-1.7B;Qwen3-14B;Qwen3-4B;Qwen3-8B
d4_0405.txt,D4:v4_d4_final_grid:62c11c82a712:sports_competition:3364:execute:review,D4,sports_competition:3364,sports_competition,train,execute,review,Qwen3-1.7B;Qwen3-14B;Qwen3-4B;Qwen3-8B
d4_0406.txt,D4:v4_d4_final_grid:62c11c82a712:sports_competition:3366:launch:describe,D4,sports_competition:3366,sports_competition,train,launch,describe,Qwen3-1.7B;Qwen3-14B;Qwen3-4B;Qwen3-8B
d4_0407.txt,D4:v4_d4_final_grid:62c11c82a712:sports_competition:3387:submit:discuss,D4,sports_competition:3387,sports_competition,train,submit,discuss,Qwen3-1.7B;Qwen3-14B;Qwen3-4B;Qwen3-8B
d4_0408.txt,D4:v4_d4_final_grid:62c11c82a712:store_1:547:issue:outline,D4,store_1:547,store_1,train,issue,outline,Qwen3-1.7B;Qwen3-14B;Qwen3-4B;Qwen3-8B
d4_0409.txt,D4:v4_d4_final_grid:62c11c82a712:store_1:548:execute:outline,D4,store_1:548,store_1,train,execute,outline,Qwen3-1.7B;Qwen3-14B;Qwen3-4B;Qwen3-8B
d4_0410.txt,D4:v4_d4_final_grid:62c11c82a712:store_1:553:issue:detail,D4,store_1:553,store_1,train,issue,detail,Qwen3-1.7B;Qwen3-14B;Qwen3-4B;Qwen3-8B
d4_0411.txt,D4:v4_d4_final_grid:62c11c82a712:store_1:569:execute:discuss,D4,store_1:569,store_1,train,execute,discuss,Qwen3-1.7B;Qwen3-14B;Qwen3-4B;Qwen3-8B
d4_0412.txt,D4:v4_d4_final_grid:62c11c82a712:store_1:570:execute:discuss,D4,store_1:570,store_1,train,execute,discuss,Qwen3-1.7B;Qwen3-14B;Qwen3-4B;Qwen3-8B
d4_0413.txt,D4:v4_d4_final_grid:62c11c82a712:store_1:601:submit:detail,D4,store_1:601,store_1,train,submit,detail,Qwen3-1.7B;Qwen3-14B;Qwen3-4B;Qwen3-8B
d4_0414.txt,D4:v4_d4_final_grid:62c11c82a712:store_1:627:execute:detail,D4,store_1:627,store_1,train,execute,detail,Qwen3-1.7B;Qwen3-14B;Qwen3-4B;Qwen3-8B
d4_0415.txt,D4:v4_d4_final_grid:62c11c82a712:store_1:628:launch:detail,D4,store_1:628,store_1,train,launch,detail,Qwen3-1.7B;Qwen3-14B;Qwen3-4B;Qwen3-8B
d4_0416.txt,D4:v4_d4_final_grid:62c11c82a712:store_1:631:issue:outline,D4,store_1:631,store_1,train,issue,outline,Qwen3-1.7B;Qwen3-14B;Qwen3-4B;Qwen3-8B
d4_0417.txt,D4:v4_d4_final_grid:62c11c82a712:store_1:644:submit:detail,D4,store_1:644,store_1,train,submit,detail,Qwen3-1.7B;Qwen3-14B;Qwen3-4B;Qwen3-8B
d4_0418.txt,D4:v4_d4_final_grid:62c11c82a712:store_1:646:launch:outline,D4,store_1:646,store_1,train,launch,outline,Qwen3-1.7B;Qwen3-14B;Qwen3-4B;Qwen3-8B
d4_0419.txt,D4:v4_d4_final_grid:62c11c82a712:store_product:4901:run:describe,D4,store_product:4901,store_product,train,run,describe,Qwen3-1.7B;Qwen3-14B;Qwen3-4B;Qwen3-8B
d4_0420.txt,D4:v4_d4_final_grid:62c11c82a712:store_product:4907:launch:describe,D4,store_product:4907,store_product,train,launch,describe,Qwen3-1.7B;Qwen3-14B;Qwen3-4B;Qwen3-8B
d4_0421.txt,D4:v4_d4_final_grid:62c11c82a712:store_product:4908:run:describe,D4,store_product:4908,store_product,train,run,describe,Qwen3-1.7B;Qwen3-14B;Qwen3-4B;Qwen3-8B
d4_0422.txt,D4:v4_d4_final_grid:62c11c82a712:store_product:4910:run:discuss,D4,store_product:4910,store_product,train,run,discuss,Qwen3-1.7B;Qwen3-14B;Qwen3-4B;Qwen3-8B
d4_0423.txt,D4:v4_d4_final_grid:62c11c82a712:store_product:4915:run:describe,D4,store_product:4915,store_product,train,run,describe,Qwen3-1.7B;Qwen3-14B;Qwen3-4B;Qwen3-8B
d4_0424.txt,D4:v4_d4_final_grid:62c11c82a712:store_product:4943:issue:detail,D4,store_product:4943,store_product,train,issue,detail,Qwen3-1.7B;Qwen3-14B;Qwen3-4B;Qwen3-8B
d4_0425.txt,D4:v4_d4_final_grid:62c11c82a712:storm_record:2716:execute:outline,D4,storm_record:2716,storm_record,train,execute,outline,Qwen3-1.7B;Qwen3-14B;Qwen3-4B;Qwen3-8B
d4_0426.txt,D4:v4_d4_final_grid:62c11c82a712:storm_record:2732:execute:outline,D4,storm_record:2732,storm_record,train,execute,outline,Qwen3-1.7B;Qwen3-14B;Qwen3-4B;Qwen3-8B
d4_0427.txt,D4:v4_d4_final_grid:62c11c82a712:student_1:4040:issue:discuss,D4,student_1:4040,student_1,train,issue,discuss,Qwen3-1.7B;Qwen3-14B;Qwen3-4B;Qwen3-8B
d4_0428.txt,D4:v4_d4_final_grid:62c11c82a712:student_1:4041:issue:discuss,D4,student_1:4041,student_1,train,issue,discuss,Qwen3-1.7B;Qwen3-14B;Qwen3-4B;Qwen3-8B
d4_0429.txt,D4:v4_d4_final_grid:62c11c82a712:student_1:4044:execute:discuss,D4,student_1:4044,student_1,train,execute,discuss,Qwen3-1.7B;Qwen3-14B;Qwen3-4B;Qwen3-8B
d4_0430.txt,D4:v4_d4_final_grid:62c11c82a712:student_1:4051:issue:describe,D4,student_1:4051,student_1,train,issue,describe,Qwen3-1.7B;Qwen3-14B;Qwen3-4B;Qwen3-8B
d4_0431.txt,D4:v4_d4_final_grid:62c11c82a712:student_1:4052:issue:discuss,D4,student_1:4052,student_1,train,issue,discuss,Qwen3-1.7B;Qwen3-14B;Qwen3-4B;Qwen3-8B
d4_0432.txt,D4:v4_d4_final_grid:62c11c82a712:student_1:4054:execute:discuss,D4,student_1:4054,student_1,train,execute,discuss,Qwen3-1.7B;Qwen3-14B;Qwen3-4B;Qwen3-8B
d4_0433.txt,D4:v4_d4_final_grid:62c11c82a712:student_1:4088:execute:describe,D4,student_1:4088,student_1,train,execute,describe,Qwen3-1.7B;Qwen3-14B;Qwen3-4B;Qwen3-8B
d4_0434.txt,D4:v4_d4_final_grid:62c11c82a712:student_1:4091:launch:discuss,D4,student_1:4091,student_1,train,launch,discuss,Qwen3-1.7B;Qwen3-14B;Qwen3-4B;Qwen3-8B
d4_0435.txt,D4:v4_d4_final_grid:62c11c82a712:student_assessment:102:submit:outline,D4,student_assessment:102,student_assessment,train,submit,outline,Qwen3-1.7B;Qwen3-14B;Qwen3-4B;Qwen3-8B
d4_0436.txt,D4:v4_d4_final_grid:62c11c82a712:student_assessment:107:launch:outline,D4,student_assessment:107,student_assessment,train,launch,outline,Qwen3-1.7B;Qwen3-14B;Qwen3-4B;Qwen3-8B
d4_0437.txt,D4:v4_d4_final_grid:62c11c82a712:student_assessment:59:execute:discuss,D4,student_assessment:59,student_assessment,train,execute,discuss,Qwen3-1.7B;Qwen3-14B;Qwen3-4B;Qwen3-8B
d4_0438.txt,D4:v4_d4_final_grid:62c11c82a712:student_assessment:67:issue:outline,D4,student_assessment:67,student_assessment,train,issue,outline,Qwen3-1.7B;Qwen3-14B;Qwen3-4B;Qwen3-8B
d4_0439.txt,D4:v4_d4_final_grid:62c11c82a712:student_assessment:68:run:outline,D4,student_assessment:68,student_assessment,train,run,outline,Qwen3-1.7B;Qwen3-14B;Qwen3-4B;Qwen3-8B
d4_0440.txt,D4:v4_d4_final_grid:62c11c82a712:student_assessment:77:launch:detail,D4,student_assessment:77,student_assessment,train,launch,detail,Qwen3-1.7B;Qwen3-14B;Qwen3-4B;Qwen3-8B
d4_0441.txt,D4:v4_d4_final_grid:62c11c82a712:student_assessment:78:submit:outline,D4,student_assessment:78,student_assessment,train,submit,outline,Qwen3-1.7B;Qwen3-14B;Qwen3-4B;Qwen3-8B
d4_0442.txt,D4:v4_d4_final_grid:62c11c82a712:student_assessment:85:issue:outline,D4,student_assessment:85,student_assessment,train,issue,outline,Qwen3-1.7B;Qwen3-14B;Qwen3-4B;Qwen3-8B
d4_0443.txt,D4:v4_d4_final_grid:62c11c82a712:student_assessment:96:submit:review,D4,student_assessment:96,student_assessment,train,submit,review,Qwen3-1.7B;Qwen3-14B;Qwen3-4B;Qwen3-8B
d4_0444.txt,D4:v4_d4_final_grid:62c11c82a712:student_assessment:99:run:review,D4,student_assessment:99,student_assessment,train,run,review,Qwen3-1.7B;Qwen3-14B;Qwen3-4B;Qwen3-8B
d4_0445.txt,D4:v4_d4_final_grid:62c11c82a712:swimming:5606:submit:outline,D4,swimming:5606,swimming,train,submit,outline,Qwen3-1.7B;Qwen3-14B;Qwen3-4B;Qwen3-8B
d4_0446.txt,D4:v4_d4_final_grid:62c11c82a712:swimming:5609:execute:describe,D4,swimming:5609,swimming,train,execute,describe,Qwen3-1.7B;Qwen3-14B;Qwen3-4B;Qwen3-8B
d4_0447.txt,D4:v4_d4_final_grid:62c11c82a712:swimming:5623:launch:outline,D4,swimming:5623,swimming,train,launch,outline,Qwen3-1.7B;Qwen3-14B;Qwen3-4B;Qwen3-8B
d4_0448.txt,D4:v4_d4_final_grid:62c11c82a712:swimming:5631:launch:discuss,D4,swimming:5631,swimming,train,launch,discuss,Qwen3-1.7B;Qwen3-14B;Qwen3-4B;Qwen3-8B
d4_0449.txt,D4:v4_d4_final_grid:62c11c82a712:theme_gallery:1652:run:review,D4,theme_gallery:1652,theme_gallery,train,run,review,Qwen3-1.7B;Qwen3-14B;Qwen3-4B;Qwen3-8B
d4_0450.txt,D4:v4_d4_final_grid:62c11c82a712:theme_gallery:1656:run:describe,D4,theme_gallery:1656,theme_gallery,train,run,describe,Qwen3-1.7B;Qwen3-14B;Qwen3-4B;Qwen3-8B
d4_0451.txt,D4:v4_d4_final_grid:62c11c82a712:theme_gallery:1661:execute:review,D4,theme_gallery:1661,theme_gallery,train,execute,review,Qwen3-1.7B;Qwen3-14B;Qwen3-4B;Qwen3-8B
d4_0452.txt,D4:v4_d4_final_grid:62c11c82a712:theme_gallery:1662:execute:review,D4,theme_gallery:1662,theme_gallery,train,execute,review,Qwen3-1.7B;Qwen3-14B;Qwen3-4B;Qwen3-8B
d4_0453.txt,D4:v4_d4_final_grid:62c11c82a712:theme_gallery:1666:launch:discuss,D4,theme_gallery:1666,theme_gallery,train,launch,discuss,Qwen3-1.7B;Qwen3-14B;Qwen3-4B;Qwen3-8B
d4_0454.txt,D4:v4_d4_final_grid:62c11c82a712:theme_gallery:1677:execute:review,D4,theme_gallery:1677,theme_gallery,train,execute,review,Qwen3-1.7B;Qwen3-14B;Qwen3-4B;Qwen3-8B
d4_0455.txt,D4:v4_d4_final_grid:62c11c82a712:tracking_grants_for_research:4322:issue:outline,D4,tracking_grants_for_research:4322,tracking_grants_for_research,test,issue,outline,Qwen3-1.7B;Qwen3-14B;Qwen3-4B;Qwen3-8B
d4_0456.txt,D4:v4_d4_final_grid:62c11c82a712:tracking_grants_for_research:4323:submit:outline,D4,tracking_grants_for_research:4323,tracking_grants_for_research,test,submit,outline,Qwen3-1.7B;Qwen3-14B;Qwen3-4B;Qwen3-8B
d4_0457.txt,D4:v4_d4_final_grid:62c11c82a712:tracking_grants_for_research:4328:submit:detail,D4,tracking_grants_for_research:4328,tracking_grants_for_research,test,submit,detail,Qwen3-1.7B;Qwen3-14B;Qwen3-4B;Qwen3-8B
d4_0458.txt,D4:v4_d4_final_grid:62c11c82a712:tracking_grants_for_research:4329:run:outline,D4,tracking_grants_for_research:4329,tracking_grants_for_research,test,run,outline,Qwen3-1.7B;Qwen3-14B;Qwen3-4B;Qwen3-8B
d4_0459.txt,D4:v4_d4_final_grid:62c11c82a712:tracking_grants_for_research:4332:run:outline,D4,tracking_grants_for_research:4332,tracking_grants_for_research,test,run,outline,Qwen3-1.7B;Qwen3-14B;Qwen3-4B;Qwen3-8B
d4_0460.txt,D4:v4_d4_final_grid:62c11c82a712:tracking_grants_for_research:4334:issue:outline,D4,tracking_grants_for_research:4334,tracking_grants_for_research,test,issue,outline,Qwen3-1.7B;Qwen3-14B;Qwen3-4B;Qwen3-8B
d4_0461.txt,D4:v4_d4_final_grid:62c11c82a712:tracking_grants_for_research:4356:execute:detail,D4,tracking_grants_for_research:4356,tracking_grants_for_research,test,execute,detail,Qwen3-1.7B;Qwen3-14B;Qwen3-4B;Qwen3-8B
d4_0462.txt,D4:v4_d4_final_grid:62c11c82a712:tracking_grants_for_research:4361:submit:review,D4,tracking_grants_for_research:4361,tracking_grants_for_research,test,submit,review,Qwen3-1.7B;Qwen3-14B;Qwen3-4B;Qwen3-8B
d4_0463.txt,D4:v4_d4_final_grid:62c11c82a712:tracking_grants_for_research:4364:run:describe,D4,tracking_grants_for_research:4364,tracking_grants_for_research,test,run,describe,Qwen3-1.7B;Qwen3-14B;Qwen3-4B;Qwen3-8B
d4_0464.txt,D4:v4_d4_final_grid:62c11c82a712:tracking_grants_for_research:4366:issue:detail,D4,tracking_grants_for_research:4366,tracking_grants_for_research,test,issue,detail,Qwen3-1.7B;Qwen3-14B;Qwen3-4B;Qwen3-8B
d4_0465.txt,D4:v4_d4_final_grid:62c11c82a712:tracking_grants_for_research:4378:launch:describe,D4,tracking_grants_for_research:4378,tracking_grants_for_research,test,launch,describe,Qwen3-1.7B;Qwen3-14B;Qwen3-4B;Qwen3-8B
d4_0466.txt,D4:v4_d4_final_grid:62c11c82a712:tracking_grants_for_research:4381:issue:review,D4,tracking_grants_for_research:4381,tracking_grants_for_research,test,issue,review,Qwen3-1.7B;Qwen3-14B;Qwen3-4B;Qwen3-8B
d4_0467.txt,D4:v4_d4_final_grid:62c11c82a712:tracking_orders:6905:issue:describe,D4,tracking_orders:6905,tracking_orders,test,issue,describe,Qwen3-1.7B;Qwen3-14B;Qwen3-4B;Qwen3-8B
d4_0468.txt,D4:v4_d4_final_grid:62c11c82a712:tracking_orders:6910:launch:discuss,D4,tracking_orders:6910,tracking_orders,test,launch,discuss,Qwen3-1.7B;Qwen3-14B;Qwen3-4B;Qwen3-8B
d4_0469.txt,D4:v4_d4_final_grid:62c11c82a712:tracking_orders:6911:execute:describe,D4,tracking_orders:6911,tracking_orders,test,execute,describe,Qwen3-1.7B;Qwen3-14B;Qwen3-4B;Qwen3-8B
d4_0470.txt,D4:v4_d4_final_grid:62c11c82a712:tracking_orders:6925:execute:describe,D4,tracking_orders:6925,tracking_orders,test,execute,describe,Qwen3-1.7B;Qwen3-14B;Qwen3-4B;Qwen3-8B
d4_0471.txt,D4:v4_d4_final_grid:62c11c82a712:tracking_orders:6926:execute:describe,D4,tracking_orders:6926,tracking_orders,test,execute,describe,Qwen3-1.7B;Qwen3-14B;Qwen3-4B;Qwen3-8B
d4_0472.txt,D4:v4_d4_final_grid:62c11c82a712:tracking_orders:6927:launch:describe,D4,tracking_orders:6927,tracking_orders,test,launch,describe,Qwen3-1.7B;Qwen3-14B;Qwen3-4B;Qwen3-8B
d4_0473.txt,D4:v4_d4_final_grid:62c11c82a712:tracking_orders:6929:issue:outline,D4,tracking_orders:6929,tracking_orders,test,issue,outline,Qwen3-1.7B;Qwen3-14B;Qwen3-4B;Qwen3-8B
d4_0474.txt,D4:v4_d4_final_grid:62c11c82a712:tracking_orders:6943:submit:outline,D4,tracking_orders:6943,tracking_orders,test,submit,outline,Qwen3-1.7B;Qwen3-14B;Qwen3-4B;Qwen3-8B
d4_0475.txt,D4:v4_d4_final_grid:62c11c82a712:tracking_share_transactions:5858:submit:review,D4,tracking_share_transactions:5858,tracking_share_transactions,train,submit,review,Qwen3-1.7B;Qwen3-14B;Qwen3-4B;Qwen3-8B
d4_0476.txt,D4:v4_d4_final_grid:62c11c82a712:tracking_share_transactions:5864:launch:detail,D4,tracking_share_transactions:5864,tracking_share_transactions,train,launch,detail,Qwen3-1.7B;Qwen3-14B;Qwen3-4B;Qwen3-8B
d4_0477.txt,D4:v4_d4_final_grid:62c11c82a712:tracking_share_transactions:5878:issue:review,D4,tracking_share_transactions:5878,tracking_share_transactions,train,issue,review,Qwen3-1.7B;Qwen3-14B;Qwen3-4B;Qwen3-8B
d4_0478.txt,D4:v4_d4_final_grid:62c11c82a712:tracking_share_transactions:5879:submit:outline,D4,tracking_share_transactions:5879,tracking_share_transactions,train,submit,outline,Qwen3-1.7B;Qwen3-14B;Qwen3-4B;Qwen3-8B
d4_0479.txt,D4:v4_d4_final_grid:62c11c82a712:tracking_share_transactions:5881:execute:outline,D4,tracking_share_transactions:5881,tracking_share_transactions,train,execute,outline,Qwen3-1.7B;Qwen3-14B;Qwen3-4B;Qwen3-8B
d4_0480.txt,D4:v4_d4_final_grid:62c11c82a712:tracking_software_problems:5372:submit:describe,D4,tracking_software_problems:5372,tracking_software_problems,train,submit,describe,Qwen3-1.7B;Qwen3-14B;Qwen3-4B;Qwen3-8B
d4_0481.txt,D4:v4_d4_final_grid:62c11c82a712:tracking_software_problems:5380:execute:detail,D4,tracking_software_problems:5380,tracking_software_problems,train,execute,detail,Qwen3-1.7B;Qwen3-14B;Qwen3-4B;Qwen3-8B
d4_0482.txt,D4:v4_d4_final_grid:62c11c82a712:tracking_software_problems:5382:submit:detail,D4,tracking_software_problems:5382,tracking_software_problems,train,submit,detail,Qwen3-1.7B;Qwen3-14B;Qwen3-4B;Qwen3-8B
d4_0483.txt,D4:v4_d4_final_grid:62c11c82a712:tracking_software_problems:5383:issue:detail,D4,tracking_software_problems:5383,tracking_software_problems,train,issue,detail,Qwen3-1.7B;Qwen3-14B;Qwen3-4B;Qwen3-8B
d4_0484.txt,D4:v4_d4_final_grid:62c11c82a712:tracking_software_problems:5384:launch:review,D4,tracking_software_problems:5384,tracking_software_problems,train,launch,review,Qwen3-1.7B;Qwen3-14B;Qwen3-4B;Qwen3-8B
d4_0485.txt,D4:v4_d4_final_grid:62c11c82a712:tracking_software_problems:5386:issue:outline,D4,tracking_software_problems:5386,tracking_software_problems,train,issue,outline,Qwen3-1.7B;Qwen3-14B;Qwen3-4B;Qwen3-8B
d4_0486.txt,D4:v4_d4_final_grid:62c11c82a712:tracking_software_problems:5387:submit:outline,D4,tracking_software_problems:5387,tracking_software_problems,train,submit,outline,Qwen3-1.7B;Qwen3-14B;Qwen3-4B;Qwen3-8B
d4_0487.txt,D4:v4_d4_final_grid:62c11c82a712:tracking_software_problems:5399:launch:discuss,D4,tracking_software_problems:5399,tracking_software_problems,train,launch,discuss,Qwen3-1.7B;Qwen3-14B;Qwen3-4B;Qwen3-8B
d4_0488.txt,D4:v4_d4_final_grid:62c11c82a712:train_station:6611:issue:describe,D4,train_station:6611,train_station,test,issue,describe,Qwen3-1.7B;Qwen3-14B;Qwen3-4B;Qwen3-8B
d4_0489.txt,D4:v4_d4_final_grid:62c11c82a712:train_station:6619:issue:outline,D4,train_station:6619,train_station,test,issue,outline,Qwen3-1.7B;Qwen3-14B;Qwen3-4B;Qwen3-8B
d4_0490.txt,D4:v4_d4_final_grid:62c11c82a712:twitter_1:290:submit:outline,D4,twitter_1:290,twitter_1,train,submit,outline,Qwen3-1.7B;Qwen3-14B;Qwen3-4B;Qwen3-8B
d4_0491.txt,D4:v4_d4_final_grid:62c11c82a712:university_basketball:994:run:review,D4,university_basketball:994,university_basketball,train,run,review,Qwen3-1.7B;Qwen3-14B;Qwen3-4B;Qwen3-8B
d4_0492.txt,D4:v4_d4_final_grid:62c11c82a712:voter_2:5498:submit:review,D4,voter_2:5498,voter_2,train,submit,review,Qwen3-1.7B;Qwen3-14B;Qwen3-4B;Qwen3-8B
d4_0493.txt,D4:v4_d4_final_grid:62c11c82a712:wedding:1630:execute:review,D4,wedding:1630,wedding,train,execute,review,Qwen3-1.7B;Qwen3-14B;Qwen3-4B;Qwen3-8B
d4_0494.txt,D4:v4_d4_final_grid:62c11c82a712:workshop_paper:5825:launch:discuss,D4,workshop_paper:5825,workshop_paper,train,launch,discuss,Qwen3-1.7B;Qwen3-14B;Qwen3-4B;Qwen3-8B
d4_0495.txt,D4:v4_d4_final_grid:62c11c82a712:workshop_paper:5828:run:outline,D4,workshop_paper:5828,workshop_paper,train,run,outline,Qwen3-1.7B;Qwen3-14B;Qwen3-4B;Qwen3-8B
d4_0496.txt,D4:v4_d4_final_grid:62c11c82a712:workshop_paper:5829:run:outline,D4,workshop_paper:5829,workshop_paper,train,run,outline,Qwen3-1.7B;Qwen3-14B;Qwen3-4B;Qwen3-8B
d4_0497.txt,D4:v4_d4_final_grid:62c11c82a712:wrestler:1864:submit:describe,D4,wrestler:1864,wrestler,test,submit,describe,Qwen3-1.7B;Qwen3-14B;Qwen3-4B;Qwen3-8B
d4_0498.txt,D4:v4_d4_final_grid:62c11c82a712:wrestler:1870:execute:outline,D4,wrestler:1870,wrestler,test,execute,outline,Qwen3-1.7B;Qwen3-14B;Qwen3-4B;Qwen3-8B
d4_0499.txt,D4:v4_d4_final_grid:62c11c82a712:wrestler:1871:launch:outline,D4,wrestler:1871,wrestler,test,launch,outline,Qwen3-1.7B;Qwen3-14B;Qwen3-4B;Qwen3-8B
d4_0500.txt,D4:v4_d4_final_grid:62c11c82a712:wrestler:1879:issue:describe,D4,wrestler:1879,wrestler,test,issue,describe,Qwen3-1.7B;Qwen3-14B;Qwen3-4B;Qwen3-8B
