clean_verb,corrupt_verb,all_pairs,train_pairs,heldout_pairs
add,discuss,25,15,10
add,explore,24,14,10
add,review,24,15,9
add,study,27,16,11
build,discuss,23,14,9
build,explore,28,17,11
build,review,24,14,10
build,study,25,15,10
complete,discuss,22,13,9
complete,explore,26,16,10
complete,review,29,17,12
complete,study,23,14,9
save,discuss,27,16,11
save,explore,24,14,10
save,review,26,16,10
save,study,23,14,9
write,discuss,28,17,11
write,explore,23,14,9
write,review,22,13,9
write,study,27,16,11
