layer,feature_idx,category,selection_group,train_delta,heldout_delta,beta_mu,train_kappa,heldout_kappa,train_abs_kappa,heldout_abs_kappa,train_active_rate_clean,train_active_rate_corrupt,heldout_active_rate_clean,heldout_active_rate_corrupt
31,17923,suppressor,suppressor_top20,-9.688358306884766,-9.782927513122559,-0.04923548549413681,0.4770110249519348,0.4816671907901764,0.4770110249519348,0.4816671907901764,0.862500011920929,1.0,0.7541666626930237,1.0
31,13702,suppressor,suppressor_top20,-4.575879096984863,-4.578515529632568,-0.04475739970803261,0.2048044502735138,0.20492245256900787,0.2048044502735138,0.20492245256900787,0.0,1.0,0.0,1.0
31,32604,suppressor,suppressor_top20,-4.393311023712158,-4.431116104125977,-0.04563700780272484,0.200497567653656,0.20222288370132446,0.200497567653656,0.20222288370132446,0.2562499940395355,1.0,0.20416666567325592,1.0
31,54952,suppressor,suppressor_top20,-3.2427854537963867,-3.4824159145355225,-0.05454223230481148,0.1768687516450882,0.1899387389421463,0.1768687516450882,0.1899387389421463,1.0,1.0,1.0,1.0
31,2303,suppressor,suppressor_top20,-3.479297161102295,-3.4649734497070312,-0.049608632922172546,0.17260317504405975,0.17189259827136993,0.17260317504405975,0.17189259827136993,1.0,1.0,1.0,1.0
31,49788,suppressor,suppressor_top20,-0.9169802069664001,-0.8761908411979675,-0.18153522908687592,0.1664642095565796,0.15905950963497162,0.1664642095565796,0.15905950963497162,0.0062500000931322575,0.737500011920929,0.0,0.8125
31,15495,suppressor,suppressor_top20,-2.052685499191284,-2.024674415588379,-0.07289385050535202,0.149628147482872,0.14758631587028503,0.149628147482872,0.14758631587028503,0.0,1.0,0.0,1.0
31,37707,suppressor,suppressor_top20,-2.3304381370544434,-2.3902018070220947,-0.061969053000211716,0.14441505074501038,0.1481185406446457,0.14441505074501038,0.1481185406446457,0.0,1.0,0.0,0.9958333373069763
31,44929,suppressor,suppressor_top20,-3.1255669593811035,-3.4208807945251465,-0.04414190351963043,0.13796848058700562,0.15100419521331787,0.13796848058700562,0.15100419521331787,0.71875,1.0,0.625,1.0
31,44748,suppressor,suppressor_top20,-2.2672042846679688,-2.0060648918151855,-0.05832362174987793,0.13223156332969666,0.11700096726417542,0.13223156332969666,0.11700096726417542,0.5625,0.9937499761581421,0.7041666507720947,1.0
31,11378,suppressor,suppressor_top20,-2.802783489227295,-2.9224283695220947,-0.0464010052382946,0.13005197048187256,0.13560360670089722,0.13005197048187256,0.13560360670089722,1.0,1.0,1.0,1.0
31,22777,suppressor,suppressor_top20,-3.283914804458618,-3.2278859615325928,-0.03387969732284546,0.11125803738832474,0.10935980081558228,0.11125803738832474,0.10935980081558228,0.03125,1.0,0.012500000186264515,1.0
31,25001,suppressor,suppressor_top20,-2.3777713775634766,-2.580042600631714,-0.038366999477148056,0.0912279561161995,0.09898849576711655,0.0912279561161995,0.09898849576711655,0.5625,1.0,0.44999998807907104,1.0
31,46275,suppressor,suppressor_top20,-2.6881346702575684,-2.8002686500549316,-0.02931528352200985,0.07880342751741409,0.08209066838026047,0.07880342751741409,0.08209066838026047,0.0,1.0,0.0,0.9916666746139526
31,64307,suppressor,suppressor_top20,-1.3301819562911987,-1.2667723894119263,-0.0457097627222538,0.06080230325460434,0.05790386348962784,0.06080230325460434,0.05790386348962784,1.0,1.0,1.0,1.0
31,40687,suppressor,suppressor_top20,-1.1247313022613525,-0.9355630874633789,-0.05356086045503616,0.06024157628417015,0.05010956525802612,0.06024157628417015,0.05010956525802612,1.0,1.0,1.0,1.0
31,31245,suppressor,suppressor_top20,-1.0524444580078125,-1.076595425605774,-0.05498742312192917,0.05787120759487152,0.05919920653104782,0.05787120759487152,0.05919920653104782,0.0,0.9312499761581421,0.0,0.9375
31,2137,suppressor,suppressor_top20,-2.3711097240448,-2.412984848022461,-0.02419855073094368,0.057377420365810394,0.05839073657989502,0.057377420365810394,0.05839073657989502,0.90625,1.0,0.8666666746139526,1.0
31,26113,suppressor,suppressor_top20,-3.012528657913208,-2.847400188446045,-0.016878830268979073,0.05084795877337456,0.048060785979032516,0.05084795877337456,0.048060785979032516,0.28125,1.0,0.24166665971279144,1.0
31,25536,suppressor,suppressor_top20,-1.6462886333465576,-1.618432641029358,-0.030435169115662575,0.05010507255792618,0.049257270991802216,0.05010507255792618,0.049257270991802216,1.0,1.0,1.0,1.0
31,53904,driver,driver_top20,3.346423625946045,2.9816815853118896,0.04955379664897919,0.16582798957824707,0.14775364100933075,0.16582798957824707,0.14775364100933075,0.9937499761581421,0.21875,0.9708333611488342,0.19583334028720856
31,54615,driver,driver_top20,3.0583982467651367,3.0663247108459473,0.053046662360429764,0.16223782300949097,0.16265828907489777,0.16223782300949097,0.16265828907489777,1.0,1.0,1.0,1.0
31,7309,driver,driver_top20,2.485264539718628,2.148253917694092,0.05754338949918747,0.14301054179668427,0.12361781299114227,0.14301054179668427,0.12361781299114227,0.731249988079071,0.32499998807907104,0.7250000238418579,0.2541666626930237
31,60544,driver,driver_top20,5.719165802001953,5.415547847747803,0.019435616210103035,0.11115550994873047,0.10525450855493546,0.11115550994873047,0.10525450855493546,1.0,0.24375000596046448,1.0,0.30416667461395264
31,34216,driver,driver_top20,2.626660108566284,2.5188801288604736,0.04198381304740906,0.1102772057056427,0.10575219243764877,0.1102772057056427,0.10575219243764877,1.0,1.0,1.0,1.0
31,38984,driver,driver_top20,3.7628204822540283,3.666015625,0.024201737716794014,0.09106679260730743,0.08872395008802414,0.09106679260730743,0.08872395008802414,1.0,0.0062500000931322575,1.0,0.004166666883975267
31,40270,driver,driver_top20,2.2298521995544434,2.7166929244995117,0.04062381759285927,0.09058511257171631,0.11036244034767151,0.09058511257171631,0.11036244034767151,0.5874999761581421,0.012500000186264515,0.7124999761581421,0.03333333507180214
31,9467,driver,driver_top20,4.34912109375,4.075976371765137,0.020093698054552078,0.08738992363214493,0.0819014385342598,0.08738992363214493,0.0819014385342598,1.0,1.0,1.0,1.0
31,11049,driver,driver_top20,2.1646668910980225,2.0250370502471924,0.039731625467538834,0.08600573241710663,0.08045801520347595,0.08600573241710663,0.08045801520347595,1.0,0.9937499761581421,1.0,0.9916666746139526
31,34117,driver,driver_top20,3.4669737815856934,3.566803216934204,0.024103254079818726,0.08356534689664841,0.08597156405448914,0.08356534689664841,0.08597156405448914,1.0,0.8500000238418579,1.0,0.8999999761581421
31,54280,driver,driver_top20,2.1232423782348633,1.9575440883636475,0.03812411427497864,0.08094673603773117,0.07462963461875916,0.08094673603773117,0.07462963461875916,1.0,1.0,1.0,1.0
31,53409,driver,driver_top20,1.3688998222351074,1.3533679246902466,0.04802175611257553,0.06573697179555893,0.06499110162258148,0.06573697179555893,0.06499110162258148,1.0,0.40625,1.0,0.3958333432674408
31,64758,driver,driver_top20,5.734472274780273,6.195768356323242,0.011438136920332909,0.06559167802333832,0.07086804509162903,0.06559167802333832,0.07086804509162903,1.0,1.0,1.0,1.0
31,45943,driver,driver_top20,1.6573009490966797,1.3723057508468628,0.03679496422410011,0.06098032742738724,0.05049394071102142,0.06098032742738724,0.05049394071102142,0.987500011920929,0.34375,0.9666666388511658,0.3499999940395355
31,13575,driver,driver_top20,1.561860203742981,1.577703833580017,0.03590830788016319,0.05608375743031502,0.056652676314115524,0.05608375743031502,0.056652676314115524,1.0,0.9312499761581421,1.0,0.887499988079071
31,11576,driver,driver_top20,1.8196700811386108,1.7681080102920532,0.030403191223740578,0.055323775857686996,0.05375612527132034,0.055323775857686996,0.05375612527132034,1.0,0.03125,1.0,0.02083333395421505
31,23516,driver,driver_top20,1.974920630455017,1.4449148178100586,0.027198409661650658,0.05371470004320145,0.039299383759498596,0.05371470004320145,0.039299383759498596,0.4312500059604645,0.10000000149011612,0.3375000059604645,0.07083333283662796
31,23240,driver,driver_top20,2.921459913253784,2.906689405441284,0.01824883185327053,0.053313229233026505,0.05304368585348129,0.053313229233026505,0.05304368585348129,1.0,1.0,1.0,1.0
31,5293,driver,driver_top20,1.825370192527771,1.911126971244812,0.025225823745131493,0.04604646563529968,0.04820975288748741,0.04604646563529968,0.04820975288748741,1.0,0.3187499940395355,1.0,0.3583333194255829
31,10706,driver,driver_top20,2.7464890480041504,2.915600299835205,0.016502348706126213,0.04532352089881897,0.04811425134539604,0.04532352089881897,0.04811425134539604,1.0,0.831250011920929,1.0,0.7875000238418579
31,51899,random_layer_matched,random_layer_matched,,,,,,,,,,,
31,14778,random_layer_matched,random_layer_matched,,,,,,,,,,,
31,36140,random_layer_matched,random_layer_matched,,,,,,,,,,,
31,1591,random_layer_matched,random_layer_matched,,,,,,,,,,,
31,12977,random_layer_matched,random_layer_matched,,,,,,,,,,,
31,13828,random_layer_matched,random_layer_matched,,,,,,,,,,,
31,19952,random_layer_matched,random_layer_matched,,,,,,,,,,,
31,52050,random_layer_matched,random_layer_matched,,,,,,,,,,,
31,40972,random_layer_matched,random_layer_matched,,,,,,,,,,,
31,31823,random_layer_matched,random_layer_matched,,,,,,,,,,,
31,16762,random_layer_matched,random_layer_matched,,,,,,,,,,,
31,19353,random_layer_matched,random_layer_matched,,,,,,,,,,,
31,6896,random_layer_matched,random_layer_matched,,,,,,,,,,,
31,20250,random_layer_matched,random_layer_matched,,,,,,,,,,,
31,53635,random_layer_matched,random_layer_matched,,,,,,,,,,,
31,60137,random_layer_matched,random_layer_matched,,,,,,,,,,,
31,54598,random_layer_matched,random_layer_matched,,,,,,,,,,,
31,12493,random_layer_matched,random_layer_matched,,,,,,,,,,,
31,22633,random_layer_matched,random_layer_matched,,,,,,,,,,,
31,6609,random_layer_matched,random_layer_matched,,,,,,,,,,,
