domain,direction,model_key,model,strict_flip_count,strict_flip_denominator,strict_flip_rate,strict_drop_count,strict_drop_denominator,strict_drop_rate,cell
Retrieval,Code,qwen3_4b,Qwen3-4B,76,100,0.76,100,100,1.0,76/100
Retrieval,Code,qwen3_8b,Qwen3-8B,100,100,1.0,98,100,0.98,100/98
Retrieval,Code,qwen3_14b,Qwen3-14B,95,100,0.95,83,100,0.83,95/83
Retrieval,Code,qwen35_4b,Qwen3.5-4B,51,51,1.0,86,86,1.0,100/100
Retrieval,Code,qwen35_9b,Qwen3.5-9B,64,64,1.0,100,100,1.0,100/100
Retrieval,Random,qwen3_4b,Qwen3-4B,0,100,0.0,0,100,0.0,0/0
Retrieval,Random,qwen3_8b,Qwen3-8B,0,100,0.0,0,100,0.0,0/0
Retrieval,Random,qwen3_14b,Qwen3-14B,0,100,0.0,1,100,0.01,0/1
Retrieval,Random,qwen35_4b,Qwen3.5-4B,22,51,0.43137254901960786,6,86,0.06976744186046512,43.1/7
Retrieval,Random,qwen35_9b,Qwen3.5-9B,21,64,0.328125,6,100,0.06,32.8/6
SQL,Code,qwen3_4b,Qwen3-4B,58,100,0.58,100,100,1.0,58/100
SQL,Code,qwen3_8b,Qwen3-8B,100,100,1.0,100,100,1.0,100/100
SQL,Code,qwen3_14b,Qwen3-14B,42,100,0.42,0,100,0.0,42/0
SQL,Code,qwen35_4b,Qwen3.5-4B,75,100,0.75,25,60,0.4166666666666667,75/41.7
SQL,Code,qwen35_9b,Qwen3.5-9B,59,100,0.59,80,80,1.0,59/100
SQL,Random,qwen3_4b,Qwen3-4B,0,100,0.0,0,100,0.0,0/0
SQL,Random,qwen3_8b,Qwen3-8B,0,100,0.0,0,100,0.0,0/0
SQL,Random,qwen3_14b,Qwen3-14B,0,100,0.0,0,100,0.0,0/0
SQL,Random,qwen35_4b,Qwen3.5-4B,0,100,0.0,0,60,0.0,0/0
SQL,Random,qwen35_9b,Qwen3.5-9B,0,100,0.0,34,80,0.425,0/42.5
Email,Code,qwen3_4b,Qwen3-4B,100,100,1.0,100,100,1.0,100/100
Email,Code,qwen3_8b,Qwen3-8B,100,100,1.0,100,100,1.0,100/100
Email,Code,qwen3_14b,Qwen3-14B,32,100,0.32,0,100,0.0,32/0
Email,Code,qwen35_4b,Qwen3.5-4B,53,53,1.0,92,100,0.92,100/92
Email,Code,qwen35_9b,Qwen3.5-9B,97,97,1.0,97,100,0.97,100/97
Email,Random,qwen3_4b,Qwen3-4B,0,100,0.0,0,100,0.0,0/0
Email,Random,qwen3_8b,Qwen3-8B,0,100,0.0,0,100,0.0,0/0
Email,Random,qwen3_14b,Qwen3-14B,0,100,0.0,0,100,0.0,0/0
Email,Random,qwen35_4b,Qwen3.5-4B,3,53,0.05660377358490566,0,100,0.0,5.7/0
Email,Random,qwen35_9b,Qwen3.5-9B,31,97,0.31958762886597936,0,100,0.0,32/0
