domain,scaffold,scaffold_label,role_instructions,tool_schema,format_template,length_matched_control,default_strength_p_call,suppression_depth_p_call,execution_minus_analysis_p_call,neutral_minus_execution_p_call
D1,RTF,R + T + F (full scaffold),True,present,True,False,0.9270466103567742,0.876068383209061,0.9487643594649883,-0.07269597625592727
D1,-TF,T + F (no role instructions),False,present,True,False,0.9679324884712696,0.5626030068703403,0.5941761014469376,-0.031573094576597294
D1,R-F,R + F (no tool schema),True,removed,True,False,0.9726091548462864,0.2693558737484273,0.29663954677060245,-0.02728367302217516
D1,RT-,R + T (no format template),True,present,False,False,2.1781974006560665e-06,2.177025847520078e-06,2.6800188490384197e-05,-2.462316264286412e-05
D1,--F,F only,False,removed,True,False,0.9999808436632156,0.00010425865650176558,0.00011062741279610488,-6.368756294339306e-06
D1,-T-,T only,False,present,False,False,1.9433371895946594e-08,1.9381004838258084e-08,4.5483293254810787e-07,-4.354519277098498e-07
D1,R--,R only,True,removed,False,False,3.6079720475102024e-08,3.600129794020183e-08,4.087619897792208e-07,-3.7276069183901893e-07
D1,---,empty system scaffold,False,removed,False,False,2.8740202700931393e-15,9.453826941844364e-16,-1.636861582881804e-15,2.5822442770662404e-15
D1,R_TLEN_F,R + length-matched neutral text + F,True,length_matched_neutral_text,True,True,0.8767841875657905,0.5001060559178222,0.6052516701662899,-0.10514561424846769
