domain,scaffold,scaffold_label,role_instructions,tool_schema,format_template,length_matched_control,cosine_to_frozen_RTF,native_l2_norm,native_l2_norm_over_RTF,baseline_execution_top1_rate,baseline_analysis_top1_rate,baseline_execution_mean_tool_prob,baseline_analysis_mean_tool_prob,condition_logit_gap_execution_minus_analysis,normalization_valid,frozen_RTF_add_top1_rate,frozen_RTF_add_mean_tool_prob,frozen_RTF_add_strict_flip_rate,frozen_RTF_sufficiency,frozen_RTF_remove_remaining_top1_rate,frozen_RTF_remove_mean_tool_prob,frozen_RTF_remove_strict_drop_rate,frozen_RTF_necessity
D1,RTF,R + T + F (full scaffold),True,present,True,False,0.9999999403953552,60.44972610473633,1.0,1.0,0.0,0.9997425866127014,0.05097822714771315,7.068749999999998,True,0.99,0.993940207362175,0.99,0.9667550839964639,0.09,0.09140263661942406,0.91,0.8993810786914235
D1,-TF,T + F (no role instructions),False,present,True,False,0.9152843952178955,51.011959075927734,0.8438741142936439,1.0,0.4,0.9995055830478669,0.4053294816009293,4.143749999999997,True,1.0,0.9991216659545898,1.0,1.240120663650076,0.02,0.041017105140743366,0.98,1.3939668174962296
D1,R-F,R + F (no tool schema),True,removed,True,False,0.9012377262115479,49.686614990234375,0.8219493816092138,1.0,0.7,0.9998928278684616,0.7032532810978591,2.4487500000000004,True,1.0,0.9999952447414399,1.0,1.7228177641653901,0.0,0.019973926027417564,1.0,2.844818785094435
D1,RT-,R + T (no format template),True,present,False,False,0.8333324193954468,70.33441162109375,1.1635191117198949,0.0,0.0,2.6801360043520185e-05,1.1715531359881028e-09,4.294375000000002,True,0.0,5.943482281595657e-07,0.0,0.37447242031727557,0.0,7.760882700541994e-08,0.0,0.36559452772522183
D1,--F,F only,False,removed,True,False,0.66344153881073,31.572528839111328,0.5222939932665398,1.0,1.0,0.9999872124195099,0.9998765850067138,0.8175000000000026,True,1.0,0.9999883604049683,0.0,2.0152905198776705,0.41,0.43618731475900857,0.59,6.558103975535146
D1,-T-,T only,False,present,False,False,0.6493968963623047,76.38826751708984,1.263666064999833,0.0,0.0,4.548852996057964e-07,5.2367057688510365e-11,7.63875,True,0.0,1.4322391545081638e-08,0.0,0.566314842088038,0.0,1.044377538592546e-08,0.0,0.2681230567828505
D1,R--,R only,True,removed,False,False,0.7016457319259644,72.52217102050781,1.1997104981890991,0.0,0.0,4.0884041231412096e-07,7.842253490019375e-11,4.064687500000002,True,0.0,4.246518172316022e-08,0.0,0.6415776120550474,0.0,1.0456150793546576e-09,0.0,0.4146997770431309
D1,---,empty system scaffold,False,removed,False,False,0.4019492268562317,61.35383605957031,1.0149563945627729,0.0,0.0,2.9177599302689885e-16,1.928637575908703e-15,0.8037670898437501,True,0.0,1.1378446878234365e-13,0.0,4.439981410776281,0.0,1.2237567276848406e-15,0.0,0.6252329348192562
D1,R_TLEN_F,R + length-matched neutral text + F,True,length_matched_neutral_text,True,True,0.875327467918396,48.3571662902832,0.799956747636849,0.99,0.39,0.9819298018142582,0.37667813164796826,2.7775,True,1.0,0.9998791623115539,1.0,1.7250225022502257,0.0,0.00013862445402796234,1.0,2.675517551755175
